station_id,node_id,node_type,small_allowable_kWh,medium_allowable_kWh,large_allowable_kWh,charging_efficiency,base_price_per_kWh,is_charging_enabled
st_0,0,start,5.0,15.0,20.0,0.9,0.946,1
st_1,1,end,5.0,15.0,20.0,0.9,0.946,1
st_2,2,pickup,5.0,15.0,20.0,0.9,0.904,1
st_3,3,delivery,5.0,15.0,20.0,0.9,0.885,1
st_4,4,pickup,5.0,15.0,20.0,0.9,0.858,1
st_5,5,delivery,5.0,15.0,20.0,0.9,0.767,1
st_6,6,pickup,5.0,15.0,20.0,0.9,0.9,1
st_7,7,delivery,5.0,15.0,20.0,0.9,0.854,1
st_8,8,pickup,5.0,15.0,20.0,0.9,0.767,1
st_9,9,delivery,5.0,15.0,20.0,0.9,0.76,1
st_10,10,pickup,5.0,15.0,20.0,0.9,0.799,1
st_11,11,delivery,5.0,15.0,20.0,0.9,0.832,1
st_12,12,pickup,5.0,15.0,20.0,0.9,0.734,1
st_13,13,delivery,5.0,15.0,20.0,0.9,0.823,1
st_14,14,pickup,5.0,15.0,20.0,0.9,0.823,1
st_15,15,delivery,5.0,15.0,20.0,0.9,0.745,1
st_16,16,pickup,5.0,15.0,20.0,0.9,0.885,1
st_17,17,delivery,5.0,15.0,20.0,0.9,0.927,1
st_18,18,pickup,5.0,15.0,20.0,0.9,0.798,1
st_19,19,delivery,5.0,15.0,20.0,0.9,0.836,1
st_20,20,pickup,5.0,15.0,20.0,0.9,0.722,1
st_21,21,delivery,5.0,15.0,20.0,0.9,0.729,1
st_22,22,pickup,5.0,15.0,20.0,0.9,0.931,1
st_23,23,delivery,5.0,15.0,20.0,0.9,0.861,1
st_24,24,pickup,5.0,15.0,20.0,0.9,0.731,1
st_25,25,delivery,5.0,15.0,20.0,0.9,0.722,1
st_26,26,pickup,5.0,15.0,20.0,0.9,0.885,1
st_27,27,delivery,5.0,15.0,20.0,0.9,0.862,1
st_28,28,pickup,5.0,15.0,20.0,0.9,0.781,1
st_29,29,delivery,5.0,15.0,20.0,0.9,0.93,1
st_30,30,pickup,5.0,15.0,20.0,0.9,0.878,1
st_31,31,delivery,5.0,15.0,20.0,0.9,0.885,1
st_32,32,pickup,5.0,15.0,20.0,0.9,0.893,1
st_33,33,delivery,5.0,15.0,20.0,0.9,0.799,1
st_34,34,pickup,5.0,15.0,20.0,0.9,0.7,1
st_35,35,delivery,5.0,15.0,20.0,0.9,0.739,1
st_36,36,pickup,5.0,15.0,20.0,0.9,0.845,1
st_37,37,delivery,5.0,15.0,20.0,0.9,0.816,1
st_38,38,pickup,5.0,15.0,20.0,0.9,0.841,1
st_39,39,delivery,5.0,15.0,20.0,0.9,0.758,1
st_40,40,pickup,5.0,15.0,20.0,0.9,0.779,1
st_41,41,delivery,5.0,15.0,20.0,0.9,0.721,1
st_42,42,pickup,5.0,15.0,20.0,0.9,0.797,1
st_43,43,delivery,5.0,15.0,20.0,0.9,0.734,1
st_44,44,pickup,5.0,15.0,20.0,0.9,0.806,1
st_45,45,delivery,5.0,15.0,20.0,0.9,0.712,1
st_46,46,pickup,5.0,15.0,20.0,0.9,0.815,1
st_47,47,delivery,5.0,15.0,20.0,0.9,0.792,1
st_48,48,pickup,5.0,15.0,20.0,0.9,0.816,1
st_49,49,delivery,5.0,15.0,20.0,0.9,0.818,1
st_50,50,pickup,5.0,15.0,20.0,0.9,0.763,1
st_51,51,delivery,5.0,15.0,20.0,0.9,0.872,1
st_52,52,pickup,5.0,15.0,20.0,0.9,0.918,1
st_53,53,delivery,5.0,15.0,20.0,0.9,0.926,1
st_54,54,pickup,5.0,15.0,20.0,0.9,0.698,1
st_55,55,delivery,5.0,15.0,20.0,0.9,0.812,1
st_56,56,pickup,5.0,15.0,20.0,0.9,0.789,1
st_57,57,delivery,5.0,15.0,20.0,0.9,0.769,1
st_58,58,pickup,5.0,15.0,20.0,0.9,0.821,1
st_59,59,delivery,5.0,15.0,20.0,0.9,0.762,1
st_60,60,pickup,5.0,15.0,20.0,0.9,0.748,1
st_61,61,delivery,5.0,15.0,20.0,0.9,0.703,1
st_62,62,pickup,5.0,15.0,20.0,0.9,0.815,1
st_63,63,delivery,5.0,15.0,20.0,0.9,0.799,1
st_64,64,pickup,5.0,15.0,20.0,0.9,0.866,1
st_65,65,delivery,5.0,15.0,20.0,0.9,0.867,1
st_66,66,pickup,5.0,15.0,20.0,0.9,0.849,1
st_67,67,delivery,5.0,15.0,20.0,0.9,0.736,1
st_68,68,pickup,5.0,15.0,20.0,0.9,0.873,1
st_69,69,delivery,5.0,15.0,20.0,0.9,0.852,1
st_70,70,pickup,5.0,15.0,20.0,0.9,0.787,1
st_71,71,delivery,5.0,15.0,20.0,0.9,0.724,1
st_72,72,pickup,5.0,15.0,20.0,0.9,0.712,1
st_73,73,delivery,5.0,15.0,20.0,0.9,0.807,1
st_74,74,pickup,5.0,15.0,20.0,0.9,0.855,1
st_75,75,delivery,5.0,15.0,20.0,0.9,0.863,1
st_76,76,pickup,5.0,15.0,20.0,0.9,0.811,1
st_77,77,delivery,5.0,15.0,20.0,0.9,0.884,1
st_78,78,pickup,5.0,15.0,20.0,0.9,0.835,1
st_79,79,delivery,5.0,15.0,20.0,0.9,0.819,1
st_80,80,pickup,5.0,15.0,20.0,0.9,0.93,1
st_81,81,delivery,5.0,15.0,20.0,0.9,0.793,1
st_82,82,pickup,5.0,15.0,20.0,0.9,0.781,1
st_83,83,delivery,5.0,15.0,20.0,0.9,0.784,1
st_84,84,pickup,5.0,15.0,20.0,0.9,0.888,1
st_85,85,delivery,5.0,15.0,20.0,0.9,0.892,1
st_86,86,pickup,5.0,15.0,20.0,0.9,0.751,1
st_87,87,delivery,5.0,15.0,20.0,0.9,0.768,1
st_88,88,pickup,5.0,15.0,20.0,0.9,0.75,1
st_89,89,delivery,5.0,15.0,20.0,0.9,0.737,1
st_90,90,pickup,5.0,15.0,20.0,0.9,0.828,1
st_91,91,delivery,5.0,15.0,20.0,0.9,0.788,1
st_92,92,pickup,5.0,15.0,20.0,0.9,0.77,1
st_93,93,delivery,5.0,15.0,20.0,0.9,0.755,1
st_94,94,pickup,5.0,15.0,20.0,0.9,0.795,1
st_95,95,delivery,5.0,15.0,20.0,0.9,0.829,1
st_96,96,pickup,5.0,15.0,20.0,0.9,0.863,1
st_97,97,delivery,5.0,15.0,20.0,0.9,0.79,1
st_98,98,pickup,5.0,15.0,20.0,0.9,0.845,1
st_99,99,delivery,5.0,15.0,20.0,0.9,0.89,1
st_100,100,pickup,5.0,15.0,20.0,0.9,0.855,1
st_101,101,delivery,5.0,15.0,20.0,0.9,0.792,1
st_102,102,pickup,5.0,15.0,20.0,0.9,0.728,1
st_103,103,delivery,5.0,15.0,20.0,0.9,0.803,1
st_104,104,pickup,5.0,15.0,20.0,0.9,0.93,1
st_105,105,delivery,5.0,15.0,20.0,0.9,0.904,1
st_106,106,pickup,5.0,15.0,20.0,0.9,0.73,1
st_107,107,delivery,5.0,15.0,20.0,0.9,0.814,1
st_108,108,pickup,5.0,15.0,20.0,0.9,0.958,1
st_109,109,delivery,5.0,15.0,20.0,0.9,0.887,1
st_110,110,pickup,5.0,15.0,20.0,0.9,0.803,1
st_111,111,delivery,5.0,15.0,20.0,0.9,0.847,1
st_112,112,pickup,5.0,15.0,20.0,0.9,0.773,1
st_113,113,delivery,5.0,15.0,20.0,0.9,0.76,1
st_114,114,pickup,5.0,15.0,20.0,0.9,0.857,1
st_115,115,delivery,5.0,15.0,20.0,0.9,0.887,1
st_116,116,pickup,5.0,15.0,20.0,0.9,0.932,1
st_117,117,delivery,5.0,15.0,20.0,0.9,0.8,1
st_118,118,pickup,5.0,15.0,20.0,0.9,0.811,1
st_119,119,delivery,5.0,15.0,20.0,0.9,0.848,1
st_120,120,pickup,5.0,15.0,20.0,0.9,0.845,1
st_121,121,delivery,5.0,15.0,20.0,0.9,0.797,1
st_122,122,pickup,5.0,15.0,20.0,0.9,0.965,1
st_123,123,delivery,5.0,15.0,20.0,0.9,0.836,1
st_124,124,pickup,5.0,15.0,20.0,0.9,0.938,1
st_125,125,delivery,5.0,15.0,20.0,0.9,0.805,1
st_126,126,pickup,5.0,15.0,20.0,0.9,0.802,1
st_127,127,delivery,5.0,15.0,20.0,0.9,0.768,1
st_128,128,pickup,5.0,15.0,20.0,0.9,0.862,1
st_129,129,delivery,5.0,15.0,20.0,0.9,0.868,1
st_130,130,pickup,5.0,15.0,20.0,0.9,0.879,1
st_131,131,delivery,5.0,15.0,20.0,0.9,0.992,1
st_132,132,pickup,5.0,15.0,20.0,0.9,0.876,1
st_133,133,delivery,5.0,15.0,20.0,0.9,0.89,1
st_134,134,pickup,5.0,15.0,20.0,0.9,0.901,1
st_135,135,delivery,5.0,15.0,20.0,0.9,0.883,1
st_136,136,pickup,5.0,15.0,20.0,0.9,0.871,1
st_137,137,delivery,5.0,15.0,20.0,0.9,0.845,1
st_138,138,pickup,5.0,15.0,20.0,0.9,0.814,1
st_139,139,delivery,5.0,15.0,20.0,0.9,0.769,1
st_140,140,pickup,5.0,15.0,20.0,0.9,0.884,1
st_141,141,delivery,5.0,15.0,20.0,0.9,0.842,1
st_142,142,pickup,5.0,15.0,20.0,0.9,0.784,1
st_143,143,delivery,5.0,15.0,20.0,0.9,0.767,1
st_144,144,pickup,5.0,15.0,20.0,0.9,0.764,1
st_145,145,delivery,5.0,15.0,20.0,0.9,0.76,1
st_146,146,pickup,5.0,15.0,20.0,0.9,0.889,1
st_147,147,delivery,5.0,15.0,20.0,0.9,0.841,1
st_148,148,pickup,5.0,15.0,20.0,0.9,0.771,1
st_149,149,delivery,5.0,15.0,20.0,0.9,0.751,1
st_150,150,pickup,5.0,15.0,20.0,0.9,0.809,1
st_151,151,delivery,5.0,15.0,20.0,0.9,0.735,1
st_152,152,pickup,5.0,15.0,20.0,0.9,0.861,1
st_153,153,delivery,5.0,15.0,20.0,0.9,0.877,1
st_154,154,pickup,5.0,15.0,20.0,0.9,0.792,1
st_155,155,delivery,5.0,15.0,20.0,0.9,0.766,1
st_156,156,pickup,5.0,15.0,20.0,0.9,0.691,1
st_157,157,delivery,5.0,15.0,20.0,0.9,0.749,1
st_158,158,pickup,5.0,15.0,20.0,0.9,0.829,1
st_159,159,delivery,5.0,15.0,20.0,0.9,0.868,1
st_160,160,pickup,5.0,15.0,20.0,0.9,0.795,1
st_161,161,delivery,5.0,15.0,20.0,0.9,0.814,1
st_162,162,pickup,5.0,15.0,20.0,0.9,0.952,1
st_163,163,delivery,5.0,15.0,20.0,0.9,0.896,1
st_164,164,pickup,5.0,15.0,20.0,0.9,0.852,1
st_165,165,delivery,5.0,15.0,20.0,0.9,0.841,1
st_166,166,pickup,5.0,15.0,20.0,0.9,0.757,1
st_167,167,delivery,5.0,15.0,20.0,0.9,0.797,1
st_168,168,pickup,5.0,15.0,20.0,0.9,0.778,1
st_169,169,delivery,5.0,15.0,20.0,0.9,0.682,1
st_170,170,pickup,5.0,15.0,20.0,0.9,0.899,1
st_171,171,delivery,5.0,15.0,20.0,0.9,0.803,1
st_172,172,pickup,5.0,15.0,20.0,0.9,0.951,1
st_173,173,delivery,5.0,15.0,20.0,0.9,0.852,1
st_174,174,pickup,5.0,15.0,20.0,0.9,0.812,1
st_175,175,delivery,5.0,15.0,20.0,0.9,0.788,1
st_176,176,pickup,5.0,15.0,20.0,0.9,0.786,1
st_177,177,delivery,5.0,15.0,20.0,0.9,0.76,1
st_178,178,pickup,5.0,15.0,20.0,0.9,0.741,1
st_179,179,delivery,5.0,15.0,20.0,0.9,0.732,1
st_180,180,pickup,5.0,15.0,20.0,0.9,0.814,1
st_181,181,delivery,5.0,15.0,20.0,0.9,0.764,1
st_182,182,pickup,5.0,15.0,20.0,0.9,0.909,1
st_183,183,delivery,5.0,15.0,20.0,0.9,0.939,1
st_184,184,pickup,5.0,15.0,20.0,0.9,0.944,1
st_185,185,delivery,5.0,15.0,20.0,0.9,0.918,1
st_186,186,pickup,5.0,15.0,20.0,0.9,0.964,1
st_187,187,delivery,5.0,15.0,20.0,0.9,0.863,1
st_188,188,pickup,5.0,15.0,20.0,0.9,0.697,1
st_189,189,delivery,5.0,15.0,20.0,0.9,0.797,1
st_190,190,pickup,5.0,15.0,20.0,0.9,0.882,1
st_191,191,delivery,5.0,15.0,20.0,0.9,0.87,1
st_192,192,pickup,5.0,15.0,20.0,0.9,0.933,1
st_193,193,delivery,5.0,15.0,20.0,0.9,0.984,1
st_194,194,pickup,5.0,15.0,20.0,0.9,0.71,1
st_195,195,delivery,5.0,15.0,20.0,0.9,0.678,1
st_196,196,pickup,5.0,15.0,20.0,0.9,0.814,1
st_197,197,delivery,5.0,15.0,20.0,0.9,0.831,1
st_198,198,pickup,5.0,15.0,20.0,0.9,0.88,1
st_199,199,delivery,5.0,15.0,20.0,0.9,0.877,1
st_200,200,pickup,5.0,15.0,20.0,0.9,0.858,1
st_201,201,delivery,5.0,15.0,20.0,0.9,0.871,1
st_202,202,pickup,5.0,15.0,20.0,0.9,0.825,1
st_203,203,delivery,5.0,15.0,20.0,0.9,0.856,1
st_204,204,pickup,5.0,15.0,20.0,0.9,0.729,1
st_205,205,delivery,5.0,15.0,20.0,0.9,0.726,1
st_206,206,pickup,5.0,15.0,20.0,0.9,0.818,1
st_207,207,delivery,5.0,15.0,20.0,0.9,0.733,1
st_208,208,pickup,5.0,15.0,20.0,0.9,0.777,1
st_209,209,delivery,5.0,15.0,20.0,0.9,0.782,1
st_210,210,pickup,5.0,15.0,20.0,0.9,0.801,1
st_211,211,delivery,5.0,15.0,20.0,0.9,0.854,1
st_212,212,pickup,5.0,15.0,20.0,0.9,0.909,1
st_213,213,delivery,5.0,15.0,20.0,0.9,0.862,1
st_214,214,pickup,5.0,15.0,20.0,0.9,0.768,1
st_215,215,delivery,5.0,15.0,20.0,0.9,0.705,1
st_216,216,pickup,5.0,15.0,20.0,0.9,0.793,1
st_217,217,delivery,5.0,15.0,20.0,0.9,0.755,1
st_218,218,pickup,5.0,15.0,20.0,0.9,0.899,1
st_219,219,delivery,5.0,15.0,20.0,0.9,0.919,1
st_220,220,pickup,5.0,15.0,20.0,0.9,0.842,1
st_221,221,delivery,5.0,15.0,20.0,0.9,0.805,1
st_222,222,pickup,5.0,15.0,20.0,0.9,0.76,1
st_223,223,delivery,5.0,15.0,20.0,0.9,0.712,1
st_224,224,pickup,5.0,15.0,20.0,0.9,0.794,1
st_225,225,delivery,5.0,15.0,20.0,0.9,0.874,1
st_226,226,pickup,5.0,15.0,20.0,0.9,0.84,1
st_227,227,delivery,5.0,15.0,20.0,0.9,0.842,1
st_228,228,pickup,5.0,15.0,20.0,0.9,0.753,1
st_229,229,delivery,5.0,15.0,20.0,0.9,0.762,1
st_230,230,pickup,5.0,15.0,20.0,0.9,0.912,1
st_231,231,delivery,5.0,15.0,20.0,0.9,0.768,1
st_232,232,pickup,5.0,15.0,20.0,0.9,0.945,1
st_233,233,delivery,5.0,15.0,20.0,0.9,0.93,1
st_234,234,pickup,5.0,15.0,20.0,0.9,0.787,1
st_235,235,delivery,5.0,15.0,20.0,0.9,0.826,1
st_236,236,pickup,5.0,15.0,20.0,0.9,0.727,1
st_237,237,delivery,5.0,15.0,20.0,0.9,0.751,1
st_238,238,pickup,5.0,15.0,20.0,0.9,0.902,1
st_239,239,delivery,5.0,15.0,20.0,0.9,0.781,1
st_240,240,pickup,5.0,15.0,20.0,0.9,0.952,1
st_241,241,delivery,5.0,15.0,20.0,0.9,0.967,1
st_242,242,pickup,5.0,15.0,20.0,0.9,0.817,1
st_243,243,delivery,5.0,15.0,20.0,0.9,0.72,1
st_244,244,pickup,5.0,15.0,20.0,0.9,0.896,1
st_245,245,delivery,5.0,15.0,20.0,0.9,0.85,1
st_246,246,pickup,5.0,15.0,20.0,0.9,0.921,1
st_247,247,delivery,5.0,15.0,20.0,0.9,0.838,1
st_248,248,pickup,5.0,15.0,20.0,0.9,0.825,1
st_249,249,delivery,5.0,15.0,20.0,0.9,0.742,1
st_250,250,pickup,5.0,15.0,20.0,0.9,0.775,1
st_251,251,delivery,5.0,15.0,20.0,0.9,0.756,1
st_252,252,pickup,5.0,15.0,20.0,0.9,0.788,1
st_253,253,delivery,5.0,15.0,20.0,0.9,0.808,1
st_254,254,pickup,5.0,15.0,20.0,0.9,0.834,1
st_255,255,delivery,5.0,15.0,20.0,0.9,0.755,1
st_256,256,pickup,5.0,15.0,20.0,0.9,0.885,1
st_257,257,delivery,5.0,15.0,20.0,0.9,0.878,1
st_258,258,pickup,5.0,15.0,20.0,0.9,0.952,1
st_259,259,delivery,5.0,15.0,20.0,0.9,0.85,1
st_260,260,pickup,5.0,15.0,20.0,0.9,0.767,1
st_261,261,delivery,5.0,15.0,20.0,0.9,0.731,1
st_262,262,pickup,5.0,15.0,20.0,0.9,0.912,1
st_263,263,delivery,5.0,15.0,20.0,0.9,0.824,1
st_264,264,pickup,5.0,15.0,20.0,0.9,0.829,1
st_265,265,delivery,5.0,15.0,20.0,0.9,0.801,1
st_266,266,pickup,5.0,15.0,20.0,0.9,0.817,1
st_267,267,delivery,5.0,15.0,20.0,0.9,0.741,1
st_268,268,pickup,5.0,15.0,20.0,0.9,0.886,1
st_269,269,delivery,5.0,15.0,20.0,0.9,0.869,1
st_270,270,pickup,5.0,15.0,20.0,0.9,0.843,1
st_271,271,delivery,5.0,15.0,20.0,0.9,0.896,1
st_272,272,pickup,5.0,15.0,20.0,0.9,0.905,1
st_273,273,delivery,5.0,15.0,20.0,0.9,0.88,1
st_274,274,pickup,5.0,15.0,20.0,0.9,0.946,1
st_275,275,delivery,5.0,15.0,20.0,0.9,0.941,1
st_276,276,pickup,5.0,15.0,20.0,0.9,0.846,1
st_277,277,delivery,5.0,15.0,20.0,0.9,0.796,1
st_278,278,pickup,5.0,15.0,20.0,0.9,0.824,1
st_279,279,delivery,5.0,15.0,20.0,0.9,0.788,1
st_280,280,pickup,5.0,15.0,20.0,0.9,0.695,1
st_281,281,delivery,5.0,15.0,20.0,0.9,0.788,1
st_282,282,pickup,5.0,15.0,20.0,0.9,0.867,1
st_283,283,delivery,5.0,15.0,20.0,0.9,0.87,1
st_284,284,pickup,5.0,15.0,20.0,0.9,0.74,1
st_285,285,delivery,5.0,15.0,20.0,0.9,0.828,1
st_286,286,pickup,5.0,15.0,20.0,0.9,0.781,1
st_287,287,delivery,5.0,15.0,20.0,0.9,0.709,1
st_288,288,pickup,5.0,15.0,20.0,0.9,0.83,1
st_289,289,delivery,5.0,15.0,20.0,0.9,0.825,1
st_290,290,pickup,5.0,15.0,20.0,0.9,0.811,1
st_291,291,delivery,5.0,15.0,20.0,0.9,0.792,1
st_292,292,pickup,5.0,15.0,20.0,0.9,0.771,1
st_293,293,delivery,5.0,15.0,20.0,0.9,0.792,1
st_294,294,pickup,5.0,15.0,20.0,0.9,0.964,1
st_295,295,delivery,5.0,15.0,20.0,0.9,0.976,1
st_296,296,pickup,5.0,15.0,20.0,0.9,0.701,1
st_297,297,delivery,5.0,15.0,20.0,0.9,0.741,1
st_298,298,pickup,5.0,15.0,20.0,0.9,0.791,1
st_299,299,delivery,5.0,15.0,20.0,0.9,0.752,1
st_300,300,pickup,5.0,15.0,20.0,0.9,0.913,1
st_301,301,delivery,5.0,15.0,20.0,0.9,0.794,1
st_302,302,pickup,5.0,15.0,20.0,0.9,0.789,1
st_303,303,delivery,5.0,15.0,20.0,0.9,0.767,1
st_304,304,pickup,5.0,15.0,20.0,0.9,0.856,1
st_305,305,delivery,5.0,15.0,20.0,0.9,0.794,1
st_306,306,pickup,5.0,15.0,20.0,0.9,0.851,1
st_307,307,delivery,5.0,15.0,20.0,0.9,0.823,1
st_308,308,pickup,5.0,15.0,20.0,0.9,0.771,1
st_309,309,delivery,5.0,15.0,20.0,0.9,0.728,1
st_310,310,pickup,5.0,15.0,20.0,0.9,0.938,1
st_311,311,delivery,5.0,15.0,20.0,0.9,0.899,1
st_312,312,pickup,5.0,15.0,20.0,0.9,0.807,1
st_313,313,delivery,5.0,15.0,20.0,0.9,0.78,1
st_314,314,pickup,5.0,15.0,20.0,0.9,0.848,1
st_315,315,delivery,5.0,15.0,20.0,0.9,0.76,1
st_316,316,pickup,5.0,15.0,20.0,0.9,0.799,1
st_317,317,delivery,5.0,15.0,20.0,0.9,0.849,1
st_318,318,pickup,5.0,15.0,20.0,0.9,0.703,1
st_319,319,delivery,5.0,15.0,20.0,0.9,0.69,1
st_320,320,pickup,5.0,15.0,20.0,0.9,0.737,1
st_321,321,delivery,5.0,15.0,20.0,0.9,0.862,1
st_322,322,pickup,5.0,15.0,20.0,0.9,0.935,1
st_323,323,delivery,5.0,15.0,20.0,0.9,0.829,1
st_324,324,pickup,5.0,15.0,20.0,0.9,0.832,1
st_325,325,delivery,5.0,15.0,20.0,0.9,0.879,1
st_326,326,pickup,5.0,15.0,20.0,0.9,0.725,1
st_327,327,delivery,5.0,15.0,20.0,0.9,0.676,1
st_328,328,pickup,5.0,15.0,20.0,0.9,0.809,1
st_329,329,delivery,5.0,15.0,20.0,0.9,0.823,1
st_330,330,pickup,5.0,15.0,20.0,0.9,0.829,1
st_331,331,delivery,5.0,15.0,20.0,0.9,0.861,1
st_332,332,pickup,5.0,15.0,20.0,0.9,0.909,1
st_333,333,delivery,5.0,15.0,20.0,0.9,0.84,1
st_334,334,pickup,5.0,15.0,20.0,0.9,0.816,1
st_335,335,delivery,5.0,15.0,20.0,0.9,0.903,1
st_336,336,pickup,5.0,15.0,20.0,0.9,0.782,1
st_337,337,delivery,5.0,15.0,20.0,0.9,0.846,1
st_338,338,pickup,5.0,15.0,20.0,0.9,0.868,1
st_339,339,delivery,5.0,15.0,20.0,0.9,0.899,1
st_340,340,pickup,5.0,15.0,20.0,0.9,0.799,1
st_341,341,delivery,5.0,15.0,20.0,0.9,0.745,1
st_342,342,pickup,5.0,15.0,20.0,0.9,0.874,1
st_343,343,delivery,5.0,15.0,20.0,0.9,0.85,1
st_344,344,pickup,5.0,15.0,20.0,0.9,0.876,1
st_345,345,delivery,5.0,15.0,20.0,0.9,0.89,1
st_346,346,pickup,5.0,15.0,20.0,0.9,0.81,1
st_347,347,delivery,5.0,15.0,20.0,0.9,0.764,1
st_348,348,pickup,5.0,15.0,20.0,0.9,0.788,1
st_349,349,delivery,5.0,15.0,20.0,0.9,0.897,1
st_350,350,pickup,5.0,15.0,20.0,0.9,0.837,1
st_351,351,delivery,5.0,15.0,20.0,0.9,0.731,1
st_352,352,pickup,5.0,15.0,20.0,0.9,0.806,1
st_353,353,delivery,5.0,15.0,20.0,0.9,0.795,1
st_354,354,pickup,5.0,15.0,20.0,0.9,0.912,1
st_355,355,delivery,5.0,15.0,20.0,0.9,0.908,1
st_356,356,pickup,5.0,15.0,20.0,0.9,0.95,1
st_357,357,delivery,5.0,15.0,20.0,0.9,0.926,1
st_358,358,pickup,5.0,15.0,20.0,0.9,0.875,1
st_359,359,delivery,5.0,15.0,20.0,0.9,0.931,1
st_360,360,pickup,5.0,15.0,20.0,0.9,0.739,1
st_361,361,delivery,5.0,15.0,20.0,0.9,0.704,1
st_362,362,pickup,5.0,15.0,20.0,0.9,0.825,1
st_363,363,delivery,5.0,15.0,20.0,0.9,0.889,1
st_364,364,pickup,5.0,15.0,20.0,0.9,0.889,1
st_365,365,delivery,5.0,15.0,20.0,0.9,0.777,1
st_366,366,pickup,5.0,15.0,20.0,0.9,0.908,1
st_367,367,delivery,5.0,15.0,20.0,0.9,0.828,1
st_368,368,pickup,5.0,15.0,20.0,0.9,0.893,1
st_369,369,delivery,5.0,15.0,20.0,0.9,0.971,1
st_370,370,pickup,5.0,15.0,20.0,0.9,0.795,1
st_371,371,delivery,5.0,15.0,20.0,0.9,0.853,1
st_372,372,pickup,5.0,15.0,20.0,0.9,0.788,1
st_373,373,delivery,5.0,15.0,20.0,0.9,0.768,1
st_374,374,pickup,5.0,15.0,20.0,0.9,0.715,1
st_375,375,delivery,5.0,15.0,20.0,0.9,0.719,1
st_376,376,pickup,5.0,15.0,20.0,0.9,0.805,1
st_377,377,delivery,5.0,15.0,20.0,0.9,0.732,1
st_378,378,pickup,5.0,15.0,20.0,0.9,0.884,1
st_379,379,delivery,5.0,15.0,20.0,0.9,0.922,1
st_380,380,pickup,5.0,15.0,20.0,0.9,0.751,1
st_381,381,delivery,5.0,15.0,20.0,0.9,0.742,1
st_382,382,pickup,5.0,15.0,20.0,0.9,0.863,1
st_383,383,delivery,5.0,15.0,20.0,0.9,0.895,1
st_384,384,pickup,5.0,15.0,20.0,0.9,0.915,1
st_385,385,delivery,5.0,15.0,20.0,0.9,0.847,1
st_386,386,pickup,5.0,15.0,20.0,0.9,0.794,1
st_387,387,delivery,5.0,15.0,20.0,0.9,0.782,1
st_388,388,pickup,5.0,15.0,20.0,0.9,0.927,1
st_389,389,delivery,5.0,15.0,20.0,0.9,0.902,1
st_390,390,pickup,5.0,15.0,20.0,0.9,0.946,1
st_391,391,delivery,5.0,15.0,20.0,0.9,0.868,1
st_392,392,pickup,5.0,15.0,20.0,0.9,0.86,1
st_393,393,delivery,5.0,15.0,20.0,0.9,0.832,1
st_394,394,pickup,5.0,15.0,20.0,0.9,0.926,1
st_395,395,delivery,5.0,15.0,20.0,0.9,0.831,1
st_396,396,pickup,5.0,15.0,20.0,0.9,0.905,1
st_397,397,delivery,5.0,15.0,20.0,0.9,0.962,1
st_398,398,pickup,5.0,15.0,20.0,0.9,0.803,1
st_399,399,delivery,5.0,15.0,20.0,0.9,0.787,1
st_400,400,pickup,5.0,15.0,20.0,0.9,0.759,1
st_401,401,delivery,5.0,15.0,20.0,0.9,0.71,1
st_402,402,pickup,5.0,15.0,20.0,0.9,0.792,1
st_403,403,delivery,5.0,15.0,20.0,0.9,0.824,1
st_404,404,pickup,5.0,15.0,20.0,0.9,0.868,1
st_405,405,delivery,5.0,15.0,20.0,0.9,0.778,1
st_406,406,pickup,5.0,15.0,20.0,0.9,0.84,1
st_407,407,delivery,5.0,15.0,20.0,0.9,0.911,1
st_408,408,pickup,5.0,15.0,20.0,0.9,0.794,1
st_409,409,delivery,5.0,15.0,20.0,0.9,0.849,1
st_410,410,pickup,5.0,15.0,20.0,0.9,0.758,1
st_411,411,delivery,5.0,15.0,20.0,0.9,0.805,1
st_412,412,pickup,5.0,15.0,20.0,0.9,0.849,1
st_413,413,delivery,5.0,15.0,20.0,0.9,0.835,1
st_414,414,pickup,5.0,15.0,20.0,0.9,0.818,1
st_415,415,delivery,5.0,15.0,20.0,0.9,0.799,1
st_416,416,pickup,5.0,15.0,20.0,0.9,0.94,1
st_417,417,delivery,5.0,15.0,20.0,0.9,0.973,1
st_418,418,pickup,5.0,15.0,20.0,0.9,0.924,1
st_419,419,delivery,5.0,15.0,20.0,0.9,0.961,1
st_420,420,pickup,5.0,15.0,20.0,0.9,0.867,1
st_421,421,delivery,5.0,15.0,20.0,0.9,0.876,1
st_422,422,pickup,5.0,15.0,20.0,0.9,0.822,1
st_423,423,delivery,5.0,15.0,20.0,0.9,0.77,1
st_424,424,pickup,5.0,15.0,20.0,0.9,0.751,1
st_425,425,delivery,5.0,15.0,20.0,0.9,0.758,1
st_426,426,pickup,5.0,15.0,20.0,0.9,0.735,1
st_427,427,delivery,5.0,15.0,20.0,0.9,0.791,1
st_428,428,pickup,5.0,15.0,20.0,0.9,0.946,1
st_429,429,delivery,5.0,15.0,20.0,0.9,0.894,1
st_430,430,pickup,5.0,15.0,20.0,0.9,0.832,1
st_431,431,delivery,5.0,15.0,20.0,0.9,0.844,1
st_432,432,pickup,5.0,15.0,20.0,0.9,0.898,1
st_433,433,delivery,5.0,15.0,20.0,0.9,0.946,1
st_434,434,pickup,5.0,15.0,20.0,0.9,0.914,1
st_435,435,delivery,5.0,15.0,20.0,0.9,0.881,1
st_436,436,pickup,5.0,15.0,20.0,0.9,0.782,1
st_437,437,delivery,5.0,15.0,20.0,0.9,0.743,1
st_438,438,pickup,5.0,15.0,20.0,0.9,0.817,1
st_439,439,delivery,5.0,15.0,20.0,0.9,0.8,1
st_440,440,pickup,5.0,15.0,20.0,0.9,0.784,1
st_441,441,delivery,5.0,15.0,20.0,0.9,0.77,1
st_442,442,pickup,5.0,15.0,20.0,0.9,0.858,1
st_443,443,delivery,5.0,15.0,20.0,0.9,0.845,1
st_444,444,pickup,5.0,15.0,20.0,0.9,0.913,1
st_445,445,delivery,5.0,15.0,20.0,0.9,0.844,1
st_446,446,pickup,5.0,15.0,20.0,0.9,0.883,1
st_447,447,delivery,5.0,15.0,20.0,0.9,0.868,1
st_448,448,pickup,5.0,15.0,20.0,0.9,0.9,1
st_449,449,delivery,5.0,15.0,20.0,0.9,0.819,1
st_450,450,pickup,5.0,15.0,20.0,0.9,0.873,1
st_451,451,delivery,5.0,15.0,20.0,0.9,0.865,1
st_452,452,pickup,5.0,15.0,20.0,0.9,0.987,1
st_453,453,delivery,5.0,15.0,20.0,0.9,0.93,1
st_454,454,pickup,5.0,15.0,20.0,0.9,0.883,1
st_455,455,delivery,5.0,15.0,20.0,0.9,0.834,1
st_456,456,pickup,5.0,15.0,20.0,0.9,0.775,1
st_457,457,delivery,5.0,15.0,20.0,0.9,0.779,1
st_458,458,pickup,5.0,15.0,20.0,0.9,0.809,1
st_459,459,delivery,5.0,15.0,20.0,0.9,0.722,1
st_460,460,pickup,5.0,15.0,20.0,0.9,0.959,1
st_461,461,delivery,5.0,15.0,20.0,0.9,0.936,1
st_462,462,pickup,5.0,15.0,20.0,0.9,0.729,1
st_463,463,delivery,5.0,15.0,20.0,0.9,0.71,1
st_464,464,pickup,5.0,15.0,20.0,0.9,0.785,1
st_465,465,delivery,5.0,15.0,20.0,0.9,0.723,1
st_466,466,pickup,5.0,15.0,20.0,0.9,0.741,1
st_467,467,delivery,5.0,15.0,20.0,0.9,0.69,1
st_468,468,pickup,5.0,15.0,20.0,0.9,0.755,1
st_469,469,delivery,5.0,15.0,20.0,0.9,0.676,1
st_470,470,pickup,5.0,15.0,20.0,0.9,0.954,1
st_471,471,delivery,5.0,15.0,20.0,0.9,0.842,1
st_472,472,pickup,5.0,15.0,20.0,0.9,0.787,1
st_473,473,delivery,5.0,15.0,20.0,0.9,0.772,1
st_474,474,pickup,5.0,15.0,20.0,0.9,0.774,1
st_475,475,delivery,5.0,15.0,20.0,0.9,0.741,1
st_476,476,pickup,5.0,15.0,20.0,0.9,0.831,1
st_477,477,delivery,5.0,15.0,20.0,0.9,0.734,1
st_478,478,pickup,5.0,15.0,20.0,0.9,0.772,1
st_479,479,delivery,5.0,15.0,20.0,0.9,0.763,1
st_480,480,pickup,5.0,15.0,20.0,0.9,0.834,1
st_481,481,delivery,5.0,15.0,20.0,0.9,0.779,1
st_482,482,pickup,5.0,15.0,20.0,0.9,0.792,1
st_483,483,delivery,5.0,15.0,20.0,0.9,0.757,1
st_484,484,pickup,5.0,15.0,20.0,0.9,0.879,1
st_485,485,delivery,5.0,15.0,20.0,0.9,0.871,1
st_486,486,pickup,5.0,15.0,20.0,0.9,0.801,1
st_487,487,delivery,5.0,15.0,20.0,0.9,0.747,1
st_488,488,pickup,5.0,15.0,20.0,0.9,0.738,1
st_489,489,delivery,5.0,15.0,20.0,0.9,0.746,1
st_490,490,pickup,5.0,15.0,20.0,0.9,0.752,1
st_491,491,delivery,5.0,15.0,20.0,0.9,0.806,1
st_492,492,pickup,5.0,15.0,20.0,0.9,0.789,1
st_493,493,delivery,5.0,15.0,20.0,0.9,0.886,1
st_494,494,pickup,5.0,15.0,20.0,0.9,0.958,1
st_495,495,delivery,5.0,15.0,20.0,0.9,0.877,1
st_496,496,pickup,5.0,15.0,20.0,0.9,0.68,1
st_497,497,delivery,5.0,15.0,20.0,0.9,0.675,1
st_498,498,pickup,5.0,15.0,20.0,0.9,0.81,1
st_499,499,delivery,5.0,15.0,20.0,0.9,0.853,1
st_500,500,pickup,5.0,15.0,20.0,0.9,0.827,1
st_501,501,delivery,5.0,15.0,20.0,0.9,0.725,1
st_502,502,pickup,5.0,15.0,20.0,0.9,0.742,1
st_503,503,delivery,5.0,15.0,20.0,0.9,0.719,1
st_504,504,pickup,5.0,15.0,20.0,0.9,0.738,1
st_505,505,delivery,5.0,15.0,20.0,0.9,0.742,1
st_506,506,pickup,5.0,15.0,20.0,0.9,0.837,1
st_507,507,delivery,5.0,15.0,20.0,0.9,0.867,1
st_508,508,pickup,5.0,15.0,20.0,0.9,0.785,1
st_509,509,delivery,5.0,15.0,20.0,0.9,0.78,1
st_510,510,pickup,5.0,15.0,20.0,0.9,0.829,1
st_511,511,delivery,5.0,15.0,20.0,0.9,0.868,1
st_512,512,pickup,5.0,15.0,20.0,0.9,0.736,1
st_513,513,delivery,5.0,15.0,20.0,0.9,0.712,1
st_514,514,pickup,5.0,15.0,20.0,0.9,0.893,1
st_515,515,delivery,5.0,15.0,20.0,0.9,0.797,1
st_516,516,pickup,5.0,15.0,20.0,0.9,0.897,1
st_517,517,delivery,5.0,15.0,20.0,0.9,0.961,1
st_518,518,pickup,5.0,15.0,20.0,0.9,0.801,1
st_519,519,delivery,5.0,15.0,20.0,0.9,0.769,1
st_520,520,pickup,5.0,15.0,20.0,0.9,0.801,1
st_521,521,delivery,5.0,15.0,20.0,0.9,0.853,1
st_522,522,pickup,5.0,15.0,20.0,0.9,0.825,1
st_523,523,delivery,5.0,15.0,20.0,0.9,0.868,1
st_524,524,pickup,5.0,15.0,20.0,0.9,0.778,1
st_525,525,delivery,5.0,15.0,20.0,0.9,0.761,1
st_526,526,pickup,5.0,15.0,20.0,0.9,0.87,1
st_527,527,delivery,5.0,15.0,20.0,0.9,0.795,1
st_528,528,pickup,5.0,15.0,20.0,0.9,0.84,1
st_529,529,delivery,5.0,15.0,20.0,0.9,0.769,1
st_530,530,pickup,5.0,15.0,20.0,0.9,0.84,1
st_531,531,delivery,5.0,15.0,20.0,0.9,0.767,1
st_532,532,pickup,5.0,15.0,20.0,0.9,0.9,1
st_533,533,delivery,5.0,15.0,20.0,0.9,0.924,1
st_534,534,pickup,5.0,15.0,20.0,0.9,0.719,1
st_535,535,delivery,5.0,15.0,20.0,0.9,0.772,1
st_536,536,pickup,5.0,15.0,20.0,0.9,0.778,1
st_537,537,delivery,5.0,15.0,20.0,0.9,0.765,1
st_538,538,pickup,5.0,15.0,20.0,0.9,0.93,1
st_539,539,delivery,5.0,15.0,20.0,0.9,0.89,1
st_540,540,pickup,5.0,15.0,20.0,0.9,0.789,1
st_541,541,delivery,5.0,15.0,20.0,0.9,0.767,1
st_542,542,pickup,5.0,15.0,20.0,0.9,0.907,1
st_543,543,delivery,5.0,15.0,20.0,0.9,0.917,1
st_544,544,pickup,5.0,15.0,20.0,0.9,0.715,1
st_545,545,delivery,5.0,15.0,20.0,0.9,0.698,1
st_546,546,pickup,5.0,15.0,20.0,0.9,0.763,1
st_547,547,delivery,5.0,15.0,20.0,0.9,0.814,1
st_548,548,pickup,5.0,15.0,20.0,0.9,0.974,1
st_549,549,delivery,5.0,15.0,20.0,0.9,0.947,1
st_550,550,pickup,5.0,15.0,20.0,0.9,0.821,1
st_551,551,delivery,5.0,15.0,20.0,0.9,0.765,1
st_552,552,pickup,5.0,15.0,20.0,0.9,0.894,1
st_553,553,delivery,5.0,15.0,20.0,0.9,0.873,1
st_554,554,pickup,5.0,15.0,20.0,0.9,0.754,1
st_555,555,delivery,5.0,15.0,20.0,0.9,0.769,1
st_556,556,pickup,5.0,15.0,20.0,0.9,0.874,1
st_557,557,delivery,5.0,15.0,20.0,0.9,0.766,1
st_558,558,pickup,5.0,15.0,20.0,0.9,0.753,1
st_559,559,delivery,5.0,15.0,20.0,0.9,0.763,1
st_560,560,pickup,5.0,15.0,20.0,0.9,0.786,1
st_561,561,delivery,5.0,15.0,20.0,0.9,0.79,1
st_562,562,pickup,5.0,15.0,20.0,0.9,0.737,1
st_563,563,delivery,5.0,15.0,20.0,0.9,0.786,1
st_564,564,pickup,5.0,15.0,20.0,0.9,0.833,1
st_565,565,delivery,5.0,15.0,20.0,0.9,0.816,1
st_566,566,pickup,5.0,15.0,20.0,0.9,0.821,1
st_567,567,delivery,5.0,15.0,20.0,0.9,0.799,1
st_568,568,pickup,5.0,15.0,20.0,0.9,0.817,1
st_569,569,delivery,5.0,15.0,20.0,0.9,0.758,1
st_570,570,pickup,5.0,15.0,20.0,0.9,0.854,1
st_571,571,delivery,5.0,15.0,20.0,0.9,0.754,1
st_572,572,pickup,5.0,15.0,20.0,0.9,0.823,1
st_573,573,delivery,5.0,15.0,20.0,0.9,0.856,1
st_574,574,pickup,5.0,15.0,20.0,0.9,0.827,1
st_575,575,delivery,5.0,15.0,20.0,0.9,0.897,1
st_576,576,pickup,5.0,15.0,20.0,0.9,0.773,1
st_577,577,delivery,5.0,15.0,20.0,0.9,0.85,1
st_578,578,pickup,5.0,15.0,20.0,0.9,0.777,1
st_579,579,delivery,5.0,15.0,20.0,0.9,0.749,1
st_580,580,pickup,5.0,15.0,20.0,0.9,0.818,1
st_581,581,delivery,5.0,15.0,20.0,0.9,0.758,1
st_582,582,pickup,5.0,15.0,20.0,0.9,0.931,1
st_583,583,delivery,5.0,15.0,20.0,0.9,0.881,1
st_584,584,pickup,5.0,15.0,20.0,0.9,0.77,1
st_585,585,delivery,5.0,15.0,20.0,0.9,0.799,1
st_586,586,pickup,5.0,15.0,20.0,0.9,0.878,1
st_587,587,delivery,5.0,15.0,20.0,0.9,0.851,1
st_588,588,pickup,5.0,15.0,20.0,0.9,0.891,1
st_589,589,delivery,5.0,15.0,20.0,0.9,0.819,1
st_590,590,pickup,5.0,15.0,20.0,0.9,0.918,1
st_591,591,delivery,5.0,15.0,20.0,0.9,0.88,1
st_592,592,pickup,5.0,15.0,20.0,0.9,0.759,1
st_593,593,delivery,5.0,15.0,20.0,0.9,0.76,1
st_594,594,pickup,5.0,15.0,20.0,0.9,0.811,1
st_595,595,delivery,5.0,15.0,20.0,0.9,0.912,1
st_596,596,pickup,5.0,15.0,20.0,0.9,0.824,1
st_597,597,delivery,5.0,15.0,20.0,0.9,0.841,1
st_598,598,pickup,5.0,15.0,20.0,0.9,0.981,1
st_599,599,delivery,5.0,15.0,20.0,0.9,0.865,1
st_600,600,pickup,5.0,15.0,20.0,0.9,0.813,1
st_601,601,delivery,5.0,15.0,20.0,0.9,0.873,1
