from_node,to_node,distance_km
0,52,3.6521397391891735
0,104,2.1713988798487756
0,390,2.487567841873456
0,419,4.19231166257115
0,433,0.43575803967512133
0,453,2.1194777090619255
1,22,2.0649133664397263
1,116,1.8506961730230294
1,172,3.1316311218372217
1,275,3.485682582197023
1,533,2.8214069995211366
1,538,2.478014553342641
2,185,2.614462167001932
2,201,4.382979687905114
2,238,0.6474717192955003
2,272,0.285576930911154
2,444,1.6330395648761744
2,595,1.0287027191720577
3,68,1.8034905088431203
3,244,1.5732967453351525
3,283,2.5107851849419798
3,311,1.8797978797087103
3,364,1.2935658591059582
3,493,1.8449427550890463
3,556,1.4951409048866255
4,7,1.2304502090499754
4,66,2.154766800705574
4,119,1.4596267032328505
4,140,3.4410029509733957
4,325,2.8235024643262703
4,350,3.0630282526747354
5,59,3.372096169461365
5,160,3.7627367629534776
5,348,3.1704965131632523
5,423,4.771895443513536
5,559,2.606775974049846
6,109,1.63518434135761
6,153,2.967458919183127
6,262,3.0778434010897584
6,379,3.2790758492141006
6,388,3.7696248222071924
6,389,2.4141240937711617
6,450,3.4434623294817137
6,516,1.664525192940039
7,4,1.2304502090499754
7,66,3.0300199385347777
7,119,0.9287053981374574
7,141,2.0896753026301917
7,152,2.657259779441408
7,245,2.468878302932219
7,325,3.2706851517839106
7,430,2.826940119763282
8,9,1.2276554280606289
8,121,3.992376318213044
8,234,2.670415147475658
8,251,1.4499294779590737
8,347,1.8747377188141028
9,8,1.2276554280606289
9,234,3.5594887530343993
9,251,1.2914615946015005
9,347,2.6518407991068713
9,370,4.862277321348537
10,63,1.5435224435202155
10,142,1.9916608933317845
10,301,2.4507020803116877
10,436,2.984179475984233
10,482,2.4816443669793946
10,589,2.8304478103893285
11,123,1.813841651365694
11,137,2.3350627558383605
11,289,1.7592801811575827
11,476,1.390251124390327
11,596,1.5768984374837118
12,45,2.904452376899416
12,106,2.3010340763152586
12,424,3.5131976738729533
12,466,1.6172031631734427
12,489,1.9764740134909453
13,62,2.1794656617555828
13,285,2.0188596376002104
13,500,0.5451192915003489
13,564,1.4077554228923215
13,572,2.0997026482547336
13,574,1.9397448650162386
14,76,2.511140885783697
14,79,1.6838817851294725
14,81,3.9173896601126446
14,288,1.9307891518878426
14,337,3.350304336778498
15,179,3.5804459952965892
15,284,3.830607209577967
15,315,1.9448754885928456
15,478,4.176626591624266
15,483,3.857461809708809
16,84,1.08496096692748
16,132,2.773601118229062
16,146,1.1700775232834728
16,363,2.271217869689271
16,446,1.7667366038668229
16,588,1.6298203421535313
16,601,2.045897788328541
17,192,0.7441461511892972
17,230,2.6431428032662305
17,275,3.527462558397499
17,357,1.1462723750982493
17,359,0.7800106675512277
17,434,1.8848319001033933
17,461,1.1236300227130605
18,46,3.4915720834959543
18,47,3.9359063527630265
18,103,0.7002473540069288
18,196,3.250644330151646
18,252,2.2161893554114713
18,305,2.8977743701731287
18,594,2.031549143337261
19,98,1.3654552453318831
19,196,3.119862226642153
19,202,1.5669195487595329
19,307,3.555802999978809
19,445,1.7513756472531028
19,506,0.6994140391214497
20,21,1.16677805577683
20,41,3.2970873852146143
20,204,3.599421428974916
20,320,2.525154067011601
20,534,4.463464082573146
20,545,3.236431165960805
21,20,1.16677805577683
21,41,2.762109572519011
21,204,2.735672675424899
21,320,1.3584655925295952
21,465,3.0556856289555854
21,545,4.309470033289025
22,1,2.0649133664397263
22,116,0.9793042825197911
22,332,2.9857752091741103
22,418,3.1801764291869183
22,533,1.2091745854817382
22,538,0.6031088621341973
23,69,3.0322620247073977
23,75,2.1832067409773557
23,98,2.6833385539024235
23,511,0.9027933583922235
23,523,2.057563528999558
24,157,6.184728838546509
24,236,3.810099830183117
24,237,2.5942016151230374
24,249,4.157020767882456
24,375,1.929957296774357
24,525,3.977021979652866
25,71,4.146562887025118
25,207,2.9251775600955168
25,309,1.73492652658802
25,351,2.564414324415654
25,401,2.453075054829244
25,475,2.4894725873432764
26,32,1.1343616631030469
26,85,1.7445685788400134
26,115,0.7489687182593211
26,358,2.035913401204721
26,435,1.8052281248161095
26,447,2.556973262557187
27,68,2.371146541684774
27,114,2.049816523688137
27,283,1.3275912449391136
27,331,1.237426778478931
27,556,2.3419558225306116
28,63,3.827091094516605
28,93,4.166618704113846
28,292,3.5953940289988604
28,301,2.798953221296418
28,373,2.3032558716713862
28,563,3.9919937195993063
29,183,2.97345855349822
29,246,2.1002935909652827
29,274,2.2738936022369782
29,354,2.4626939799773715
29,549,2.6685856827854995
30,133,2.301156730943222
30,268,1.6549802195111576
30,421,2.8505820804216504
30,499,3.225540141689663
30,570,3.1670255895449326
30,575,2.8818293449712074
30,591,2.3680666559076684
31,51,2.554128581993614
31,420,2.892535181400858
31,421,2.584425336146946
31,454,1.1214192739697681
31,514,1.1452204322913928
31,552,3.1582639484256334
31,553,2.373604653268831
32,26,1.1343616631030469
32,85,1.7433946210664777
32,115,0.8199588599921039
32,170,1.7805123105556904
32,358,2.5628769131148137
32,366,2.0503293156188134
32,432,1.6053542162788914
32,435,2.009385039405596
32,447,3.3636240873843235
33,121,1.8188275663086484
33,234,2.470953205893564
33,265,2.4286167351416035
33,370,0.6721114337967785
33,568,2.7352350938516037
34,169,4.74369403062565
34,194,1.4826264362866672
34,195,4.622257169163236
34,459,5.010233502053859
34,462,4.252587877828462
34,463,1.404308123557607
35,168,5.183706665117358
35,251,5.555237201022209
35,347,4.7641938792405005
35,457,5.505406013351694
35,459,4.310530415102209
36,65,3.9555051821374922
36,147,1.2651276011480328
36,403,3.6485402086518466
36,442,3.0756443208660555
36,443,4.006795079948931
36,447,3.3924719030124026
37,174,1.6871409881848438
37,235,3.2822134029450485
37,264,3.086183349136581
37,403,1.4634432190325612
37,600,1.0656209924911815
38,120,1.151881215741724
38,173,2.647233645134397
38,220,3.653051814563205
38,343,1.289936546629265
38,371,1.6880166350117958
38,566,3.2049249608079604
39,60,1.5883485598456892
39,166,3.679634161044439
39,313,3.275634910530946
39,437,3.5591196272844248
39,512,2.794499224434883
40,91,1.883511473709685
40,224,2.3356218009218486
40,387,0.5136210717529845
40,508,3.3407881464115503
40,546,3.2911167537006043
40,561,3.734549182927202
41,20,3.2970873852146143
41,21,2.762109572519011
41,204,1.1021905560557577
41,320,2.67668995592139
41,377,2.7761902279619477
41,465,0.513700197086429
42,125,2.012075447072498
42,126,0.7207882389436838
42,167,1.3886950641044824
42,312,1.461972648372177
42,313,2.6050819831341245
42,353,1.0586679055613721
43,267,1.9642870796980816
43,341,1.844160094171575
43,380,2.2803368371624324
43,381,2.262698807996358
43,477,0.15071978536494157
43,501,3.697558022207369
44,107,1.3281603188980342
44,290,3.6160326807480185
44,406,4.479325500182922
44,415,1.398109596660144
44,472,3.6114215586645693
44,481,4.960616010810455
45,12,2.904452376899416
45,106,3.0168757529472985
45,188,2.8580286989283437
45,318,2.259629741564535
45,319,2.803929397935622
46,18,3.4915720834959543
46,103,3.3322857151194363
46,154,3.3785615305826244
46,210,4.047746828447713
46,307,1.1365746799758598
46,486,3.750804308002559
46,594,1.6211907677561221
47,18,3.9359063527630265
47,103,3.8359810841539472
47,196,3.0684770786304405
47,253,2.5936834822756127
47,305,1.0395226126975337
48,247,3.4484768533947436
48,263,4.136667616251778
48,412,4.426666156879507
48,520,2.828797011817705
48,547,1.5590831079924066
49,254,2.0380387950070777
49,263,1.9670931618519054
49,330,2.8437875630330245
49,413,2.3174237576703822
49,530,2.854493437929293
50,81,3.9525147478461524
50,178,2.834668247166971
50,284,4.397707708635048
50,426,4.480997230726741
50,466,3.53642667522666
51,31,2.554128581993614
51,337,4.201560752064808
51,420,0.6403537768555959
51,514,2.989252349073168
51,552,3.2005245823007424
51,553,0.18481860547894044
52,0,3.6521397391891735
52,104,1.6343023852969303
52,212,1.1515343826971085
52,218,2.438728438801357
52,300,1.2127749576672335
52,453,1.63849873235556
53,80,2.568562067683639
53,184,2.2644514154743693
53,219,1.0849508701674566
53,233,0.6688857375669213
53,390,3.114672978818936
54,61,2.062184498491117
54,169,2.33901591377795
54,195,3.026437908229251
54,280,0.33652895986518694
54,513,1.8998969041920706
55,125,3.182090066796856
55,216,3.589148109662883
55,266,2.248947540152077
55,455,2.913128594608055
55,515,3.468774563897262
55,567,1.6765661690383578
56,239,2.2766763794005507
56,334,3.7292223205074024
56,474,2.6184928853956624
56,551,3.8161893627742316
56,578,2.4044576984223145
57,83,1.999262174586438
57,208,1.7883761941244498
57,302,2.8958709012217136
57,303,1.8367586180822677
57,423,3.292663181384764
57,531,1.7088430435465973
58,150,1.9995832396154076
58,180,2.5563395459339686
58,278,0.7869613217969837
58,362,3.2743389251587236
58,491,2.750336928060379
59,5,3.372096169461365
59,82,2.872815844111807
59,255,2.6842026257509417
59,348,3.837404533769038
59,559,0.765320195411519
60,39,1.5883485598456892
60,166,3.133730809941213
60,341,3.842631870406237
60,501,3.369448244599279
60,512,1.552187990886732
61,54,2.062184498491117
61,169,4.167703408282598
61,280,2.148104217927637
61,501,3.533111067556961
61,513,2.2349299531652966
62,13,2.1794656617555828
62,158,3.135174640635514
62,293,3.4626022452861167
62,482,3.3717784699343687
62,500,2.356141026608865
62,574,1.5463715603566233
63,10,1.5435224435202155
63,28,3.827091094516605
63,142,2.4359953759413933
63,143,4.11760943846239
63,301,1.0301662785935934
63,589,2.7153848649728363
63,596,3.723975355362244
64,136,0.6707114827492193
64,137,3.43536497042833
64,404,0.8787636197315586
64,409,4.130168701838318
64,583,3.017349071896986
65,36,3.9555051821374922
65,344,2.2657449781834655
65,358,3.5287902681281245
65,435,3.6260748326434196
65,442,1.2129045675422228
65,447,3.8276019281982956
66,4,2.154766800705574
66,7,3.0300199385347777
66,119,2.5066455172722426
66,350,1.667480177266477
66,430,3.438389126592943
67,204,3.0728852790019814
67,377,1.0011105222997045
67,465,3.2636005531752232
67,490,2.149202506212883
67,505,1.076550881315508
68,3,1.8034905088431203
68,27,2.371146541684774
68,282,1.204173494047127
68,283,2.622444549320707
68,321,2.0856110770533047
68,331,1.7154183559086895
68,493,2.009530786344083
68,556,0.3226368675439778
69,23,3.0322620247073977
69,75,1.5147204116181405
69,323,2.9436073226060198
69,431,2.0556546598041234
69,511,3.3021303437322573
69,523,2.1667459717218422
70,253,3.815979817134674
70,308,2.8577585095584546
70,410,3.795065020110749
70,411,2.38724688958376
70,524,1.9212164506927687
71,25,4.146562887025118
71,102,3.303934594524657
71,299,4.012300596587241
71,374,3.5273699310084297
71,401,3.0089247909321193
71,496,6.260216350280021
71,497,6.876812764888318
72,205,4.233290150523387
72,296,1.4875445321512448
72,327,4.855098783421457
72,469,4.892612937924279
72,534,0.8858257384498887
72,544,0.9519312317475949
72,545,4.485470056320358
73,90,2.871358900479489
73,224,3.0404326673137168
73,362,2.351542923323482
73,508,3.0256964393708152
73,561,2.3605772041149655
74,200,2.408783383615334
74,201,3.765617493842882
74,329,4.347143249656108
74,392,4.2073493571993135
74,586,3.048945290106432
75,23,2.1832067409773557
75,69,1.5147204116181405
75,273,2.8026899975689705
75,431,3.3217996842078366
75,511,2.0760678974898266
75,523,0.6520745811865182
76,14,2.511140885783697
76,79,1.047995587210567
76,81,3.0586576996732044
76,189,1.858330239576457
76,242,2.4169425277107464
76,288,4.439661156451428
76,580,2.845791045304704
77,130,2.493668087585385
77,159,2.4953767505642035
77,191,2.290596625606873
77,345,0.8172397832169714
77,368,2.2850270988171912
77,495,1.9149560543101996
78,242,2.7466271764606818
78,314,1.646786127899788
78,480,1.1869068125911362
78,528,2.0837666765841845
78,580,2.3746036379258877
78,587,2.4707764711973157
79,14,1.6838817851294725
79,76,1.047995587210567
79,81,3.6772313226869318
79,189,2.894494686424264
79,242,2.6802780301943927
79,288,3.586669820469232
79,480,3.2029895175048013
79,580,3.0262554050991373
80,53,2.568562067683639
80,124,2.9790747787607104
80,219,3.4740419098125397
80,232,1.9048105072604877
80,233,2.081029408583239
80,416,1.9454641840968474
80,590,2.364060990660816
81,14,3.9173896601126446
81,50,3.9525147478461524
81,76,3.0586576996732044
81,79,3.6772313226869318
81,101,4.212919105790765
81,189,2.3660761348016526
81,336,4.238399593945668
82,59,2.872815844111807
82,160,3.707739036812508
82,209,2.4795917063221515
82,255,3.5523529593645358
82,348,2.9138529723085513
82,376,3.86920418296923
82,520,2.7558438154426113
82,547,4.507196759041466
82,559,3.106152888594547
83,57,1.999262174586438
83,110,3.010210945457107
83,117,2.1008220051964415
83,171,2.523949183226656
83,208,1.5759533149895641
83,302,1.5407068200625973
83,423,3.7968199779822247
84,16,1.08496096692748
84,146,2.0213447177619
84,342,2.6340669585560765
84,363,1.1925248262751542
84,446,0.9808996962657847
84,588,0.5815707265656029
84,601,1.949266646984752
85,26,1.7445685788400134
85,32,1.7433946210664777
85,115,2.1906342028733334
85,366,2.9715855154515465
85,432,3.2428325756664984
86,151,2.908897979852079
86,231,2.3598682375347013
86,297,1.5741460477329805
86,468,2.572964777005008
86,569,3.317017455640231
87,139,1.7280813296775648
87,181,2.8414309145567316
87,537,1.9001249911337297
87,540,2.9381286959002852
87,541,0.845616371487317
88,89,2.0071009427067965
88,405,3.788691602854755
88,437,1.3337688724664671
88,462,2.809358349881453
88,562,2.010855170332729
89,88,2.0071009427067965
89,194,4.093267004021051
89,437,0.7665702445816616
89,462,1.3266225822567652
89,512,3.4623201145836813
89,562,0.1502301428115729
90,73,2.871358900479489
90,276,2.6034352331986517
90,317,3.639788591283687
90,324,0.7424349679916646
90,330,0.5481426760549802
90,333,2.0439741923972563
90,362,0.9604049802932998
90,413,2.3133887598102336
91,40,1.883511473709685
91,224,2.70207146146635
91,387,1.4021632215367479
91,464,2.9741608732511424
91,546,3.440743811349813
92,260,1.328615193127844
92,425,1.6912716690156115
92,478,2.260227648708836
92,479,1.826199053385017
92,483,2.10162895151164
93,28,4.166618704113846
93,217,1.2842998153655674
93,292,2.3659526549203007
93,373,1.9020586815770826
93,381,4.055631682289757
94,167,1.5883287200627818
94,281,2.4975396447760856
94,340,2.719217848064069
94,353,1.9421310206685525
94,405,2.387317512049985
94,408,0.9705220131694239
94,566,3.7975342906026732
95,138,1.8810655070529014
95,227,2.7992409487595946
95,235,1.8801428029701646
95,264,2.2073385962995498
95,346,2.6167563333374333
95,385,3.146562754122444
95,449,1.2548740084173815
95,597,1.891528941557536
96,129,2.4618816474884597
96,164,1.6755971205590656
96,200,2.3139023612730667
96,203,1.131942712415369
96,211,1.282539628597716
96,213,0.4150948440756641
96,338,1.1075965390490004
97,113,4.194395096441636
97,118,2.8738914379593075
97,155,4.2541619884563975
97,298,2.0364319573437832
97,518,2.3976786415168454
97,585,1.5951641935378835
98,19,1.3654552453318831
98,23,2.6833385539024235
98,202,2.931400430032106
98,392,4.81186681974826
98,445,0.7803355124678791
98,506,1.6435010790876285
98,511,3.4983108490855144
99,163,1.3132719391641776
99,238,3.7041242319354932
99,339,1.345822667999986
99,444,3.9237117957722885
99,586,1.5796666095654992
100,159,2.3684246490110015
100,191,2.37415089071029
100,507,3.0831762547567934
100,528,2.1306819988913137
100,587,1.358203932338466
101,81,4.212919105790765
101,315,4.251798157897849
101,336,1.3148778771174192
101,438,3.7381438330489254
101,478,4.093260518365828
102,71,3.303934594524657
102,156,4.891051176180092
102,236,2.421840951580098
102,299,3.4298321270182504
102,374,1.7080958931882424
102,375,5.340058667246509
102,487,2.5508093269572383
102,496,6.377361584764748
102,554,3.3756675289567077
103,18,0.7002473540069288
103,46,3.3322857151194363
103,47,3.8359810841539472
103,196,2.647825710915571
103,252,2.841836326185861
103,305,2.809255428519341
103,307,3.549220869941504
103,594,1.7394301839454112
104,0,2.1713988798487756
104,52,1.6343023852969303
104,212,2.776053547093629
104,300,2.658585261885756
104,433,2.408636786764631
104,453,0.0959536921267635
105,182,1.0181653215201016
105,256,3.519198405755181
105,355,1.676688363265253
105,384,1.8128502796249997
105,484,3.266703388133939
106,12,2.3010340763152586
106,45,3.0168757529472985
106,178,2.306172243592141
106,261,4.3410078367002125
106,319,5.345047629012411
106,426,4.175447271415281
106,466,1.6784991624668972
106,489,3.90151091182881
107,44,1.3281603188980342
107,290,2.7969127908162226
107,406,3.6035402330048383
107,415,2.059415003022806
107,472,3.9999888852480674
108,162,1.9477982173233808
108,172,1.272919829649584
108,397,0.7277422823765544
108,428,1.5802301931493141
108,470,0.4864152109987236
109,6,1.63518434135761
109,153,1.4158185557783283
109,273,2.493590559252294
109,389,3.215582176691537
109,450,1.8094547109021242
109,516,2.0938030357562125
110,83,3.010210945457107
110,117,1.487331675635896
110,161,3.210808599423128
110,171,2.229380411171075
110,302,1.9215677603000534
110,423,4.523526728610536
111,225,3.4609288569228815
111,245,3.8279092211167267
111,270,1.907485027433562
111,321,3.0514417489736196
111,521,0.7641330248381191
112,176,2.838365631464614
112,177,4.24484928679531
112,291,4.072144969651137
112,481,3.3503512802240283
112,519,2.3458468537952095
112,592,5.18020409299237
112,593,4.349003252080594
113,97,4.194395096441636
113,155,4.562415004162594
113,157,3.2404378169121264
113,249,5.284127552741978
113,298,5.382022014005954
114,27,2.049816523688137
114,247,2.4387086312484425
114,282,1.678022139997466
114,321,1.8982337186975773
114,331,0.8753710069581061
114,412,1.1075493014436768
115,26,0.7489687182593211
115,32,0.8199588599921039
115,85,2.1906342028733334
115,170,2.096942912915173
115,358,1.757957182720418
115,366,2.761264054387085
115,432,1.884380750353521
115,435,1.2845567495345174
115,447,2.5461439818930387
116,1,1.8506961730230294
116,22,0.9793042825197911
116,332,2.97786036935802
116,533,0.9974753488170661
116,538,1.575527131894036
117,83,2.1008220051964415
117,110,1.487331675635896
117,161,2.327448147934663
117,171,0.8846693224094265
117,302,1.8966774861873446
118,97,2.8738914379593075
118,210,3.822856279982601
118,328,4.259009754427945
118,329,1.5936294004597922
118,486,4.098301714376312
118,518,3.0600078435367304
118,585,2.4120618206906124
119,4,1.4596267032328505
119,7,0.9287053981374574
119,66,2.5066455172722426
119,141,2.1363171640208294
119,245,3.015190377994056
119,350,2.4999474541642215
119,430,2.011731985403137
119,510,2.5054923166824743
120,38,1.151881215741724
120,173,1.5146359194198198
120,343,1.718917083474821
120,371,2.035316717232124
120,382,2.7131914284835252
121,8,3.992376318213044
121,33,1.8188275663086484
121,234,1.348347457390312
121,352,2.1058012333265506
121,370,1.5084177970545183
122,186,0.7140533221634112
122,193,2.5052002654010117
122,294,2.4605532481841625
122,356,2.688914826936442
122,417,0.9869627554197292
122,494,2.714776636993932
122,517,0.9359925473839681
122,548,1.1351463524592686
122,549,2.5262517966912355
123,11,1.813841651365694
123,137,1.1753244525107431
123,289,1.3691247919882836
123,409,2.3803439880283497
123,455,3.0885521177890047
123,476,0.7535354368121707
123,596,3.325092111983193
124,80,2.9790747787607104
124,232,2.9013823002852197
124,258,2.316826143968862
124,384,3.1460115034804215
124,416,1.251556732896975
124,494,2.771915243870768
124,590,2.9808064033953907
125,42,2.012075447072498
125,55,3.182090066796856
125,126,2.0547721873054567
125,266,1.7937791303379624
125,312,2.2908779700232937
125,313,3.2733972573171766
125,353,3.0315613986007692
126,42,0.7207882389436838
126,125,2.0547721873054567
126,167,1.2241497594900759
126,312,0.7423511574949766
126,313,3.3210321759760286
126,353,1.1452532715252894
127,142,2.062265945613419
127,143,0.6155174473248195
127,301,3.8649595198638145
127,436,3.290993619263401
127,441,3.8356059990969484
128,129,1.145514214563044
128,203,1.2213099993943102
128,213,1.3263328629930273
128,306,1.5910841818511365
128,338,1.109474555258179
128,577,1.5746905020026911
129,96,2.4618816474884597
129,128,1.145514214563044
129,199,2.550599455004653
129,203,2.326334568009179
129,213,2.176052877472028
129,304,3.17434449888157
129,338,1.4217104662153488
130,77,2.493668087585385
130,159,1.9626275561761877
130,212,3.9144723550812217
130,218,2.594861987470109
130,345,2.9051033130670723
131,193,1.8103308559747566
131,241,4.433337324348836
131,417,3.0889069188735276
131,452,1.0033354658038907
131,548,3.016661971003785
131,598,1.9586973153288936
132,16,2.773601118229062
132,135,0.9777742507622896
132,146,2.187522039910628
132,256,2.145009601131588
132,383,2.515641525238536
133,30,2.301156730943222
133,268,0.665244606747232
133,421,1.9864046386169512
133,454,2.298415736565942
133,575,3.1080801173879826
133,591,1.3905650910596936
134,135,2.3759825307938613
134,146,2.1254862613256837
134,182,3.0463543017858288
134,246,2.5658457753279755
134,256,2.6301218555018857
134,354,2.9193350144517907
134,383,0.86522604314429
134,396,1.676866216355858
135,132,0.9777742507622896
135,134,2.3759825307938613
135,146,1.8405504551623397
135,256,1.4676711379773175
135,383,1.5597692299886192
136,64,0.6707114827492193
136,137,4.020715695919191
136,404,0.9860000252177173
136,575,4.029249477488826
136,583,2.664340309928503
137,11,2.3350627558383605
137,64,3.43536497042833
137,123,1.1753244525107431
137,136,4.020715695919191
137,289,2.525410757564922
137,404,3.2477367526285605
137,409,1.716668125311945
137,455,3.3586338529703643
137,476,1.847710098221313
138,95,1.8810655070529014
138,235,2.5756678631912187
138,265,3.0772930594881833
138,277,3.041950932693231
138,346,1.041850002867638
138,449,0.6538526840995907
138,568,3.2501997033508485
139,87,1.7280813296775648
139,386,3.2254743601902978
139,456,3.2099785270300427
139,536,2.2076001552667988
139,537,3.6282063208112945
139,540,2.7028196595403586
139,541,2.573697701164882
140,4,3.4410029509733957
140,325,0.6845217369155945
140,429,3.250917495248763
140,516,3.436584693871142
140,532,2.129740108366757
141,7,2.0896753026301917
141,119,2.1363171640208294
141,152,2.7236002842092746
141,245,1.5121986267296446
141,270,3.1805037451914213
141,430,2.412628769880863
141,510,3.0226284567165576
142,10,1.9916608933317845
142,63,2.4359953759413933
142,127,2.062265945613419
142,143,2.3402879453884955
142,301,2.6285451992711697
142,436,2.270966075756305
142,441,3.7011187593787547
142,482,2.8373779761104614
143,63,4.11760943846239
143,127,0.6155174473248195
143,142,2.3402879453884955
143,301,3.6982201163348813
143,436,3.847267854744116
144,228,1.5971414948648288
144,229,0.8834566005991175
144,464,2.8193289624857014
144,490,1.9528096545577631
144,505,3.886342545975479
144,546,1.6692864414578874
144,557,0.3663154311974345
145,205,4.464916433853724
145,468,4.035539048445138
145,504,3.0788226604141204
145,508,4.152198134004335
145,535,3.1447098521902794
146,16,1.1700775232834728
146,84,2.0213447177619
146,132,2.187522039910628
146,134,2.1254862613256837
146,135,1.8405504551623397
146,383,1.9027846469869119
146,396,2.153236596618248
147,36,1.2651276011480328
147,442,4.282369555843168
147,443,2.891324456669337
147,447,3.479589765758131
147,600,4.21074027367289
148,239,2.292856789284946
148,308,1.5059969218638598
148,410,3.6171208378840833
148,524,2.0720061121256985
148,579,3.2972082252456905
149,236,3.2040789483712335
149,237,3.0381803516788826
149,299,3.9021836188928907
149,375,4.7914407506601
149,400,2.064288175741647
149,487,2.3662993573409064
149,554,2.678417468966027
149,584,2.5677411307589866
150,58,1.9995832396154076
150,180,1.3539755358970107
150,278,2.003660672650499
150,316,2.1753340646223602
150,491,0.7731027726817048
151,86,2.908897979852079
151,297,1.4326340278439886
151,326,4.255092230092857
151,468,2.5785938596461833
151,504,3.6555499746812137
152,7,2.657259779441408
152,141,2.7236002842092746
152,245,1.391999257563745
152,270,2.866293566357865
152,325,3.3953460633911052
152,521,3.4059821233596557
153,6,2.967458919183127
153,109,1.4158185557783283
153,273,3.098064482479419
153,450,0.7720775462944999
153,516,2.757235253508797
154,46,3.3785615305826244
154,210,2.585916028583573
154,252,2.9521106528518897
154,486,2.3258082725884375
154,525,4.0616175337484055
155,97,4.2541619884563975
155,113,4.562415004162594
155,298,3.3209330137072306
155,518,4.542056683009859
155,555,1.8539949169281869
156,102,4.891051176180092
156,236,5.422186880187985
156,374,3.1832175454677945
156,496,1.7362637780091776
156,497,2.263022204367775
157,24,6.184728838546509
157,113,3.2404378169121264
157,237,5.604788956857426
157,249,2.04774638175882
157,525,4.759227944381006
158,62,3.135174640635514
158,499,3.6293851716790275
158,570,3.6862549452151576
158,574,2.412486463628096
158,589,2.179214674834125
159,77,2.4953767505642035
159,100,2.3684246490110015
159,130,1.9626275561761877
159,191,2.858155290817827
159,314,2.89486171093531
159,587,2.2553612276816875
160,5,3.7627367629534776
160,82,3.707739036812508
160,348,1.0058065160388154
160,376,1.5150709026990958
160,520,3.969713082440692
161,110,3.210808599423128
161,117,2.327448147934663
161,171,1.5793306067749684
161,206,3.1579763326553847
161,350,3.029664043212443
161,510,2.759269880281232
162,108,1.9477982173233808
162,172,2.8466690512638597
162,310,1.846209999241488
162,397,1.6909227494231007
162,428,1.860678529581251
162,470,1.8676008258599615
163,99,1.3132719391641776
163,185,3.8149314791381554
163,339,0.5137108272582548
163,407,3.9387676718754525
163,586,2.6987229413068645
164,96,1.6755971205590656
164,203,0.6148796083113983
164,211,1.1089140110811275
164,213,1.3771105637907164
164,306,0.3215194930438411
164,393,2.747884587660219
164,395,4.2534765416255125
164,577,1.178004958535954
165,269,4.101970516793109
165,304,2.1537718483660475
165,395,3.265156830277874
165,406,1.2134714414749728
165,507,3.9255478851650847
166,39,3.679634161044439
166,60,3.133730809941213
166,313,3.642462372268691
166,341,1.832726891283417
166,380,1.758922240463706
166,571,2.18716868860146
167,42,1.3886950641044824
167,94,1.5883287200627818
167,126,1.2241497594900759
167,312,1.5121072546110166
167,353,0.47016221037609723
167,405,3.615062176488712
167,408,2.5485540152910278
168,35,5.183706665117358
168,221,3.431187035772516
168,251,4.729493735129984
168,347,3.06648461599405
168,457,2.425602520139771
168,458,3.965126606051385
168,527,3.757448883916891
169,34,4.74369403062565
169,54,2.33901591377795
169,61,4.167703408282598
169,195,0.7129915582761512
169,280,2.1015330543473922
169,513,4.0867762424731
170,32,1.7805123105556904
170,115,2.096942912915173
170,366,1.4529247833533236
170,432,0.21758343061420662
170,435,2.421279923517283
171,83,2.523949183226656
171,110,2.229380411171075
171,117,0.8846693224094265
171,161,1.5793306067749684
171,302,2.716716645762364
172,1,3.1316311218372217
172,108,1.272919829649584
172,162,2.8466690512638597
172,397,2.0004477148752007
172,428,1.4553728211302353
172,470,1.0258575160520125
173,38,2.647233645134397
173,120,1.5146359194198198
173,343,2.765807882856617
173,371,2.9241151041102156
173,382,1.4604775315621323
173,599,1.7697624983156488
174,37,1.6871409881848438
174,235,2.3390920395295582
174,264,2.4139458713427207
174,277,2.8651382405837604
174,386,2.6567533072504177
174,403,1.5487578315256716
174,600,2.598168088151895
175,181,3.207971595131523
175,537,2.9355963683699318
175,540,2.741071223636858
175,541,2.9745140756691684
175,600,3.2602196366278697
176,112,2.838365631464614
176,291,1.2338561628029516
176,395,6.213737589456329
176,481,5.356536663491037
176,519,2.224489146919614
177,112,4.24484928679531
177,214,6.184075970062218
177,481,2.5548510620282188
177,592,0.9828984991285981
177,593,0.10551421801902094
178,50,2.834668247166971
178,106,2.306172243592141
178,179,3.818346721511029
178,261,2.844539972167136
178,284,2.9172663952988622
178,426,2.4508991400150104
178,466,2.5648603436983093
179,15,3.5804459952965892
179,178,3.818346721511029
179,261,1.1461644698184272
179,284,1.2040989066791772
179,426,1.3728643259933042
180,58,2.5563395459339686
180,150,1.3539755358970107
180,278,2.1034038266446187
180,316,2.013294865749932
180,398,2.5124077653391037
180,443,4.106721879322779
180,491,1.260635521032074
181,87,2.8414309145567316
181,175,3.207971595131523
181,537,0.9413059234230019
181,541,1.9958145430694145
181,569,3.8653877115888626
182,105,1.0181653215201016
182,134,3.0463543017858288
182,246,2.7205814396059282
182,355,2.1913221773636122
182,384,1.767321664840869
183,29,2.97345855349822
183,192,1.6072450367979703
183,274,1.6364019065612114
183,356,1.4129872776789856
183,357,1.8437721569145908
183,359,2.36662599027793
183,461,1.3507838066015483
184,53,2.2644514154743693
184,219,3.21304698841681
184,232,1.9045917147242644
184,233,1.7756139220220275
184,240,1.9566847831446952
184,390,1.3661656529972017
184,433,3.417885459719726
185,2,2.614462167001932
185,163,3.8149314791381554
185,238,2.483632513640326
185,272,2.676949843895686
185,322,3.091590889633714
185,339,3.303275014932727
185,394,1.5850541452859688
185,444,0.9814502695562382
185,582,3.4286821232335374
185,595,1.899672421625411
186,122,0.7140533221634112
186,294,1.7977177799614508
186,417,1.3369196143279807
186,494,2.0041781618400094
186,517,1.5069987310849193
186,548,1.5322008703639944
186,549,2.2234317379928563
187,404,3.4292778412986213
187,409,1.9741813233352523
187,484,2.711112729247651
187,485,2.0173611831389424
187,526,1.3957231705283013
187,583,2.963164705376458
188,45,2.8580286989283437
188,318,0.7903549864072311
188,319,2.75426170552761
188,361,3.6507003469390806
188,467,1.628841521109873
189,76,1.858330239576457
189,79,2.894494686424264
189,81,2.3660761348016526
189,286,2.961625361357124
189,427,3.047044379317176
190,198,0.590667094495814
190,199,1.3728312296549454
190,269,2.1641286219783473
190,368,2.3252952429270914
190,407,4.5514297148574805
190,495,2.5972410487804383
190,507,2.6185697200679816
191,77,2.290596625606873
191,100,2.37415089071029
191,159,2.858155290817827
191,269,1.5302217704082977
191,345,2.8676246654901614
191,495,0.8904649203783576
191,507,1.379171022387317
192,17,0.7441461511892972
192,183,1.6072450367979703
192,230,3.1098186534938455
192,275,3.2284871108539743
192,357,1.32121969034741
192,359,0.7867501404599786
192,434,2.5530981137302806
192,461,0.37949136214501333
193,122,2.5052002654010117
193,131,1.8103308559747566
193,295,2.813769012674519
193,369,2.604219303864431
193,417,1.5191741727864196
193,452,0.9423246219730386
193,548,1.3793347341415525
193,598,3.7488945806647864
194,34,1.4826264362866672
194,89,4.093267004021051
194,459,4.862352460043983
194,462,2.770067556252491
194,463,0.6851389349805576
194,562,3.96045603582565
195,34,4.622257169163236
195,54,3.026437908229251
195,169,0.7129915582761512
195,280,2.80401103061199
195,513,4.710030229417234
196,18,3.250644330151646
196,19,3.119862226642153
196,47,3.0684770786304405
196,103,2.647825710915571
196,202,1.554434859185978
196,248,2.4646362017084056
196,253,2.571186720343592
196,305,2.5465067713410154
197,323,3.49733794783638
197,334,2.904313619932993
197,422,1.7121662551414907
197,431,2.263402633764864
197,550,1.2449640386153327
198,190,0.590667094495814
198,199,1.7858384279889412
198,269,1.6116075742256433
198,368,2.1856767347820836
198,495,2.042475079830307
198,507,2.0670908786159066
199,129,2.550599455004653
199,190,1.3728312296549454
199,198,1.7858384279889412
199,269,2.9053035883620693
199,304,2.749406840069266
199,407,4.658598902008819
200,74,2.408783383615334
200,96,2.3139023612730667
200,203,3.0025586343161104
200,211,2.088619662453579
200,213,2.6605187702343693
200,586,3.038991034299434
201,2,4.382979687905114
201,74,3.765617493842882
201,238,4.030762899722176
201,392,1.6090905711244676
201,586,3.6642108837241856
202,19,1.5669195487595329
202,98,2.931400430032106
202,196,1.554434859185978
202,248,2.5072283508247795
202,445,3.217961999259151
202,506,1.630207490707482
203,96,1.131942712415369
203,128,1.2213099993943102
203,129,2.326334568009179
203,164,0.6148796083113983
203,200,3.0025586343161104
203,211,1.0931091797924737
203,213,0.7844182609629062
203,306,0.8172329816372818
203,338,1.51009959170735
203,393,3.3207638487555178
203,577,1.4726693004742706
204,20,3.599421428974916
204,21,2.735672675424899
204,41,1.1021905560557577
204,67,3.0728852790019814
204,320,2.1090446863723256
204,377,2.1172410442725074
204,465,0.8107187483108902
205,72,4.233290150523387
205,145,4.464916433853724
205,326,0.7466318042870964
205,504,1.8920587927770385
205,534,3.800872584728948
205,544,3.2825969532214474
206,161,3.1579763326553847
206,334,1.6159950995180534
206,350,3.7933946307468083
206,422,2.4535093653797984
206,550,3.6975115828916456
207,25,2.9251775600955168
207,309,1.193908371312336
207,351,0.36151177532308765
207,410,3.28979393645793
207,475,2.5325513130285824
207,579,2.579556998438886
208,57,1.7883761941244498
208,83,1.5759533149895641
208,303,1.331041310114
208,423,4.758694525757607
208,474,2.5963863287373523
208,531,1.285471086823842
208,551,2.829497375483988
208,578,2.5028177882957876
209,82,2.4795917063221515
209,255,3.8130558653135584
209,464,4.295661914346441
209,520,2.9336411816889085
209,547,4.3040521090527495
210,46,4.047746828447713
210,118,3.822856279982601
210,154,2.585916028583573
210,329,4.303134201968991
210,486,0.3225567580252205
211,96,1.282539628597716
211,164,1.1089140110811275
211,200,2.088619662453579
211,203,1.0931091797924737
211,213,1.2795106544211652
211,306,1.4262485107834508
211,393,2.85563562744081
212,52,1.1515343826971085
212,104,2.776053547093629
212,130,3.9144723550812217
212,218,1.3341707640180527
212,300,1.0411515779794778
212,453,2.7858189185065294
213,96,0.4150948440756641
213,128,1.3263328629930273
213,129,2.176052877472028
213,164,1.3771105637907164
213,200,2.6605187702343693
213,203,0.7844182609629062
213,211,1.2795106544211652
213,338,0.9543362971200042
213,577,2.189192499229279
214,177,6.184075970062218
214,222,2.143559568380893
214,415,4.142936433585957
214,472,2.4577623549345065
214,502,3.6581682993259843
214,576,4.2935561063186904
214,592,5.284096768881402
214,593,6.095157681933518
215,223,1.338211798026565
215,243,1.880673941903029
215,287,0.7501447166314996
215,361,0.2364865561952545
215,467,3.15295907477367
215,503,2.857507782056212
216,55,3.589148109662883
216,292,3.0506374898582567
216,515,0.5297927889370918
216,563,0.9677098780796516
216,567,2.613406630355557
217,93,1.2842998153655674
217,267,3.2025498577370355
217,292,2.0860581546935295
217,373,2.669977361528865
217,381,2.907952735867541
218,52,2.438728438801357
218,130,2.594861987470109
218,212,1.3341707640180527
218,300,2.2007484374724786
218,345,2.7199026821173042
219,53,1.0849508701674566
219,80,3.4740419098125397
219,184,3.21304698841681
219,233,1.753637156060669
219,514,3.499998472006133
220,38,3.653051814563205
220,343,3.174795848388048
220,367,4.119033056004061
220,371,3.115617699179498
220,566,3.436487368102702
221,168,3.431187035772516
221,352,2.6773944057206167
221,367,3.230001071489628
221,457,3.86059122413573
221,458,0.582892678295905
221,527,2.861667967679173
222,214,2.143559568380893
222,472,3.7483708599940706
222,488,3.414029341197995
222,502,2.490121416398778
222,576,3.0261330867196863
223,215,1.338211798026565
223,243,1.5787034589603646
223,287,0.5880670813950655
223,361,1.5746983542218196
223,503,1.5192959840296467
224,40,2.3356218009218486
224,73,3.0404326673137168
224,91,2.70207146146635
224,387,2.1374933510925755
224,508,2.2174669258759065
224,561,2.1677872019129225
225,111,3.4609288569228815
225,282,2.7675257608980663
225,321,2.5141638799998383
225,493,2.6770410870647714
225,521,2.743474451393014
225,539,2.257139169782013
226,227,2.373823059063455
226,367,4.046225612478145
226,385,2.6585437203536344
226,471,0.47021259447757124
226,568,3.517974379650453
226,597,3.5115787416961535
227,95,2.7992409487595946
227,226,2.373823059063455
227,385,0.7557407442906793
227,471,2.774547634065947
227,597,1.1407874638961004
228,144,1.5971414948648288
228,229,1.186521653118524
228,490,2.0476000610050917
228,505,3.7574393981458702
228,546,1.6084929741163396
228,557,1.7113874300274312
228,558,1.9406721466289616
229,144,0.8834566005991175
229,228,1.186521653118524
229,464,3.2569099576794303
229,546,0.825315179490412
229,557,0.7371556493367727
229,558,2.1363866739122446
230,17,2.6431428032662305
230,192,3.1098186534938455
230,354,3.147676112825427
230,357,1.8586858169538945
230,434,1.2734081825235106
231,86,2.3598682375347013
231,279,2.6827922873191286
231,297,3.8978205961052512
231,365,2.2302290853462314
231,399,2.659401690177075
231,402,3.348642611702832
231,569,2.6381425819071818
232,80,1.9048105072604877
232,124,2.9013823002852197
232,184,1.9045917147242644
232,233,2.4570424344200235
232,240,1.010517032395029
232,258,1.4965837358965433
232,416,1.6896326800807098
233,53,0.6688857375669213
233,80,2.081029408583239
233,184,1.7756139220220275
233,219,1.753637156060669
233,232,2.4570424344200235
233,390,2.8414254974270494
234,8,2.670415147475658
234,9,3.5594887530343993
234,33,2.470953205893564
234,121,1.348347457390312
234,251,4.116917163980242
234,347,3.88068744054173
234,352,3.093716246895799
234,370,1.855245039778967
235,37,3.2822134029450485
235,95,1.8801428029701646
235,138,2.5756678631912187
235,174,2.3390920395295582
235,264,0.5075342406217573
235,403,1.9152396603776032
235,449,2.322610045027958
235,597,3.428746501983654
236,24,3.810099830183117
236,102,2.421840951580098
236,149,3.2040789483712335
236,156,5.422186880187985
236,374,2.9207227543352667
236,375,2.9476939054851177
236,487,3.4200182711516964
237,24,2.5942016151230374
237,149,3.0381803516788826
237,157,5.604788956857426
237,249,4.0009138875741375
237,375,4.2964991604408125
237,525,1.608024328064119
237,584,3.398018345648099
238,2,0.6474717192955003
238,99,3.7041242319354932
238,185,2.483632513640326
238,201,4.030762899722176
238,272,0.9305452133692007
238,444,1.5539384339275972
238,595,1.3782991091503172
239,56,2.2766763794005507
239,148,2.292856789284946
239,308,3.6463977190617656
239,524,3.760638616010233
239,578,3.9542138709413996
240,184,1.9566847831446952
240,232,1.010517032395029
240,258,1.2411692596951471
240,390,2.849726270071824
240,416,2.3169852105507904
240,494,2.817873734374096
241,131,4.433337324348836
241,419,1.2926741983253824
241,460,2.156200463351586
241,582,4.755475461961789
241,598,2.962593660024903
242,76,2.4169425277107464
242,78,2.7466271764606818
242,79,2.6802780301943927
242,427,3.459427251251961
242,480,2.2908249168234365
242,580,0.4521613609554566
243,215,1.880673941903029
243,223,1.5787034589603646
243,287,1.5843686162525847
243,360,2.57014205512433
243,361,2.0233474030198315
243,488,3.631607210762869
243,503,2.3764927072915736
244,3,1.5732967453351525
244,271,1.8483159176438517
244,311,0.9995034459305071
244,332,2.706132781390148
244,364,1.999472689521186
244,378,3.490712849126961
244,448,1.6170681816659511
244,542,3.1915593427374502
245,7,2.468878302932219
245,111,3.8279092211167267
245,119,3.015190377994056
245,141,1.5121986267296446
245,152,1.391999257563745
245,270,2.196265800726168
246,29,2.1002935909652827
246,134,2.5658457753279755
246,182,2.7205814396059282
246,354,2.7890428246254073
246,396,2.6550635237561995
247,48,3.4484768533947436
247,114,2.4387086312484425
247,263,2.668527604530149
247,331,3.0240345018015495
247,412,1.5232708826758183
247,530,3.221122631359868
248,196,2.4646362017084056
248,202,2.5072283508247795
248,253,2.2781840986134965
248,323,1.6671280286173569
248,411,3.58129278394783
248,506,2.7682630990563113
248,522,1.1281635342833338
249,24,4.157020767882456
249,113,5.284127552741978
249,157,2.04774638175882
249,237,4.0009138875741375
249,525,3.6670910287360763
250,265,3.5397004439123694
250,346,4.697663982937074
250,370,4.700044805923318
250,456,2.513385033206408
250,536,3.7214857551460905
251,8,1.4499294779590737
251,9,1.2914615946015005
251,35,5.555237201022209
251,168,4.729493735129984
251,234,4.116917163980242
251,347,1.6771270700911
252,18,2.2161893554114713
252,103,2.841836326185861
252,154,2.9521106528518897
252,584,2.30688559468176
252,594,3.0969894552960873
253,47,2.5936834822756127
253,70,3.815979817134674
253,196,2.571186720343592
253,248,2.2781840986134965
253,305,3.022471279891412
253,323,3.0524897979967367
253,411,2.1260122082606023
253,522,2.332501509186762
254,49,2.0380387950070777
254,263,2.2108533625800035
254,330,2.4343054279805743
254,413,0.7533067689142015
254,530,0.8392530710710788
255,59,2.6842026257509417
255,82,3.5523529593645358
255,209,3.8130558653135584
255,505,4.822767405306369
255,559,3.4495228211624607
256,105,3.519198405755181
256,132,2.145009601131588
256,134,2.6301218555018857
256,135,1.4676711379773175
256,383,1.8273213707723437
256,484,2.6633721424143744
257,342,2.029738998050304
257,344,3.2199285462615457
257,363,2.8363812213692023
257,446,3.0885947482754323
257,588,3.609424976560886
258,124,2.316826143968862
258,232,1.4965837358965433
258,240,1.2411692596951471
258,294,2.0532632579358747
258,416,1.6157160227199636
258,494,1.7785294593487218
259,285,2.9214925368520186
259,391,2.4488026606077207
259,451,2.0260787314425293
259,499,3.238679405994267
259,564,2.2896669179732685
259,570,3.2336423169252955
259,573,2.133756074658829
260,92,1.328615193127844
260,372,3.423089617565432
260,425,2.3352377595219833
260,478,3.5871150033018724
260,479,0.6369326963282159
260,483,2.8818672386361333
261,106,4.3410078367002125
261,178,2.844539972167136
261,179,1.1461644698184272
261,284,1.213204136882038
261,426,0.5467707825443263
262,6,3.0778434010897584
262,273,4.2680584700590325
262,379,3.9326318904248154
262,388,2.2998523661963204
262,389,1.395563291562518
263,48,4.136667616251778
263,49,1.9670931618519054
263,247,2.668527604530149
263,254,2.2108533625800035
263,413,2.9198696751486093
263,530,2.6093608648475293
264,37,3.086183349136581
264,95,2.2073385962995498
264,174,2.4139458713427207
264,235,0.5075342406217573
264,403,1.6451722758527487
264,442,3.8712919878087457
264,449,2.7971067072853457
265,33,2.4286167351416035
265,138,3.0772930594881833
265,250,3.5397004439123694
265,346,2.035720275682692
265,370,2.8988663017312204
265,568,2.244047264663782
266,55,2.248947540152077
266,125,1.7937791303379624
266,312,3.315403568652174
266,455,2.9763358895586913
266,567,3.415492074225813
267,43,1.9642870796980816
267,217,3.2025498577370355
267,380,2.4021929201826526
267,381,0.29841172829827656
267,477,1.81356729433314
267,571,2.184156545604698
268,30,1.6549802195111576
268,133,0.665244606747232
268,421,1.8825973525255313
268,454,2.608824400374483
268,575,2.9928152557798158
268,591,1.2476511633149787
269,165,4.101970516793109
269,190,2.1641286219783473
269,191,1.5302217704082977
269,198,1.6116075742256433
269,199,2.9053035883620693
269,304,3.21013509261507
269,406,3.9712373911498418
269,495,1.506866527540903
269,507,0.4556587389819712
270,111,1.907485027433562
270,141,3.1805037451914213
270,152,2.866293566357865
270,245,2.196265800726168
270,521,1.9937806153445918
271,244,1.8483159176438517
271,311,2.739969978437575
271,332,1.7186776814721545
271,378,1.9591584505301483
271,542,1.7643399077840296
272,2,0.285576930911154
272,185,2.676949843895686
272,238,0.9305452133692007
272,394,2.8912354025139035
272,444,1.7031382676469264
272,595,0.9314790237039879
273,75,2.8026899975689705
273,109,2.493590559252294
273,153,3.098064482479419
273,262,4.2680584700590325
273,389,2.8731732573953166
273,450,2.7396331110493986
273,523,2.4811718550399857
274,29,2.2738936022369782
274,183,1.6364019065612114
274,356,1.0870698422148175
274,517,1.9494317249798816
274,549,2.3077380642668452
275,1,3.485682582197023
275,17,3.527462558397499
275,192,3.2284871108539743
275,359,2.747775298330303
275,461,3.1364806672533883
276,90,2.6034352331986517
276,317,1.2064569002250927
276,324,1.9130664493807643
276,333,0.771911666974413
276,362,2.6809383436533745
277,138,3.041950932693231
277,174,2.8651382405837604
277,386,0.9320435784673741
277,456,3.1391572977880076
277,536,2.378578790590214
277,540,2.2091328625935445
278,58,0.7869613217969837
278,150,2.003660672650499
278,180,2.1034038266446187
278,443,3.610116882646663
278,491,2.6500509526446696
279,231,2.6827922873191286
279,316,2.005088844593764
279,398,2.041464451053739
279,399,0.5194363034394658
279,402,0.8776731775606035
279,569,4.280669218023924
280,54,0.33652895986518694
280,61,2.148104217927637
280,169,2.1015330543473922
280,195,2.80401103061199
280,513,2.2310223535706135
281,94,2.4975396447760856
281,340,1.498522769366764
281,405,1.811060867151345
281,408,1.5981933765297842
281,457,3.5580530567722315
281,527,2.7982213034934924
282,68,1.204173494047127
282,114,1.678022139997466
282,225,2.7675257608980663
282,321,0.8816682444920095
282,331,1.868978307360359
282,412,2.4404823278401633
282,556,1.5240164758261454
283,3,2.5107851849419798
283,27,1.3275912449391136
283,68,2.622444549320707
283,331,2.320460271785027
283,378,3.2405186549567406
283,556,2.4305132415348294
284,15,3.830607209577967
284,50,4.397707708635048
284,178,2.9172663952988622
284,179,1.2040989066791772
284,261,1.213204136882038
284,426,0.8793476661804507
285,13,2.0188596376002104
285,259,2.9214925368520186
285,414,2.023227314421115
285,500,2.065579749482187
285,564,1.3518913385233908
285,565,2.0868550844976945
285,572,0.6847661094143893
286,189,2.961625361357124
286,427,1.4886712948900584
286,473,2.679070639219839
286,529,2.046160935680729
286,581,3.0977150640470534
287,215,0.7501447166314996
287,223,0.5880670813950655
287,243,1.5843686162525847
287,361,0.9866312728267541
287,467,3.9031037914051696
287,503,2.107363065424712
288,14,1.9307891518878426
288,76,4.439661156451428
288,79,3.586669820469232
288,337,2.082491090456171
288,438,3.5206250572358617
289,11,1.7592801811575827
289,123,1.3691247919882836
289,137,2.525410757564922
289,476,0.7107355637048457
289,596,2.7730327044393848
290,44,3.6160326807480185
290,107,2.7969127908162226
290,415,3.038661028507202
290,472,3.2855694617314732
290,528,4.116726284151221
291,112,4.072144969651137
291,176,1.2338561628029516
291,328,5.462481606773839
291,393,5.529976848243904
291,519,3.1289791005141803
292,28,3.5953940289988604
292,93,2.3659526549203007
292,216,3.0506374898582567
292,217,2.0860581546935295
292,373,1.8797082592358496
292,515,3.4782477832811343
292,563,2.1540515850033803
293,62,3.4626022452861167
293,372,2.132525288311814
293,439,4.024830499450766
293,440,1.083193022016311
293,482,3.607057541081263
294,122,2.4605532481841625
294,186,1.7977177799614508
294,258,2.0532632579358747
294,417,2.5524660429618993
294,494,0.6650084591235863
295,193,2.813769012674519
295,369,1.4599420213222047
295,417,3.750581232142399
295,452,3.489953865030185
295,548,3.5494110907004246
296,72,1.4875445321512448
296,327,3.3729637011885987
296,469,3.409696693781428
296,534,2.3657476345436677
296,544,2.235277457502221
296,545,3.7399901043476373
297,86,1.5741460477329805
297,151,1.4326340278439886
297,231,3.8978205961052512
297,468,2.507081084044932
297,569,4.680026385507586
298,97,2.0364319573437832
298,113,5.382022014005954
298,155,3.3209330137072306
298,328,2.8464327140213324
298,518,1.244646178706869
298,555,3.8644714881711058
298,585,1.4349374021390502
299,71,4.012300596587241
299,102,3.4298321270182504
299,149,3.9021836188928907
299,400,2.253602894509343
299,487,1.715591089684053
299,554,1.2574771242643552
300,52,1.2127749576672335
300,104,2.658585261885756
300,212,1.0411515779794778
300,218,2.2007484374724786
300,453,2.6319772906904864
300,552,3.4389553880715646
301,10,2.4507020803116877
301,28,2.798953221296418
301,63,1.0301662785935934
301,127,3.8649595198638145
301,142,2.6285451992711697
301,143,3.6982201163348813
301,589,3.5516012173459846
302,57,2.8958709012217136
302,83,1.5407068200625973
302,110,1.9215677603000534
302,117,1.8966774861873446
302,171,2.716716645762364
302,423,3.0191661586038636
303,57,1.8367586180822677
303,208,1.331041310114
303,474,2.4845076058915714
303,531,0.12791557453567037
303,551,2.0649497005060065
303,578,2.579431643681009
304,129,3.17434449888157
304,165,2.1537718483660475
304,199,2.749406840069266
304,269,3.21013509261507
304,395,3.7286105735411756
304,406,3.0319348540701925
305,18,2.8977743701731287
305,47,1.0395226126975337
305,103,2.809255428519341
305,196,2.5465067713410154
305,253,3.022471279891412
306,128,1.5910841818511365
306,164,0.3215194930438411
306,203,0.8172329816372818
306,211,1.4262485107834508
306,393,2.7408347746716744
306,395,3.9372953391306145
306,577,0.866061547536977
307,19,3.555802999978809
307,46,1.1365746799758598
307,103,3.549220869941504
307,445,3.1917120684312867
307,594,1.87683543111726
308,70,2.8577585095584546
308,148,1.5059969218638598
308,239,3.6463977190617656
308,410,2.340739856722155
308,524,1.0197008818068622
308,579,2.864298028800893
309,25,1.73492652658802
309,207,1.193908371312336
309,351,0.8323965959892483
309,401,4.172701959481929
309,475,2.135066472948555
309,579,3.697420083981076
310,162,1.846209999241488
310,379,2.4280818817411216
310,388,3.5369995114162243
310,428,2.1299472964078023
310,470,2.9395465517926933
310,543,2.6284958616667318
311,3,1.8797978797087103
311,244,0.9995034459305071
311,271,2.739969978437575
311,335,2.046629711447517
311,364,1.571892902489252
311,448,0.6263766380355872
312,42,1.461972648372177
312,125,2.2908779700232937
312,126,0.7423511574949766
312,167,1.5121072546110166
312,266,3.315403568652174
312,353,1.6475611993016157
313,39,3.275634910530946
313,42,2.6050819831341245
313,125,3.2733972573171766
313,126,3.3210321759760286
313,166,3.642462372268691
313,353,3.1286525108560923
314,78,1.646786127899788
314,159,2.89486171093531
314,480,1.8814095111961493
314,528,2.5742505183182947
314,587,1.831053385569175
315,15,1.9448754885928456
315,101,4.251798157897849
315,336,3.147994180389432
315,425,4.209443364623674
315,478,2.8964679693070416
315,483,3.711216716335171
316,150,2.1753340646223602
316,180,2.013294865749932
316,279,2.005088844593764
316,398,1.7173844784966055
316,399,2.4675932687557296
316,402,2.2980297677494055
316,491,1.402660944371316
316,492,2.1356365442796936
316,509,3.0981230019022385
316,560,2.32056502026519
317,90,3.639788591283687
317,276,1.2064569002250927
317,324,2.9039667847313533
317,333,1.597921359587676
317,362,3.4755611292960182
318,45,2.259629741564535
318,188,0.7903549864072311
318,319,2.933644726648076
318,361,3.619627391724561
318,467,2.240531995338679
319,45,2.803929397935622
319,106,5.345047629012411
319,188,2.75426170552761
319,318,2.933644726648076
319,467,4.03317174992339
320,20,2.525154067011601
320,21,1.3584655925295952
320,41,2.67668995592139
320,204,2.1090446863723256
320,465,2.7405992444097147
320,558,2.106184957731205
321,68,2.0856110770533047
321,111,3.0514417489736196
321,114,1.8982337186975773
321,225,2.5141638799998383
321,282,0.8816682444920095
321,412,2.252256075563272
321,521,2.785011144167428
321,556,2.4046325996585143
322,185,3.091590889633714
322,394,1.5148953927712838
322,444,3.2577904008446086
322,460,3.3316501739607056
322,595,3.0913728729694627
323,69,2.9436073226060198
323,197,3.49733794783638
323,248,1.6671280286173569
323,253,3.0524897979967367
323,411,3.2790953931741162
323,431,2.6596863498188315
323,522,0.7462868299272175
324,90,0.7424349679916646
324,276,1.9130664493807643
324,317,2.9039667847313533
324,330,1.0945175993231635
324,333,1.3061608800758702
324,362,0.9424760673757888
325,4,2.8235024643262703
325,7,3.2706851517839106
325,140,0.6845217369155945
325,152,3.3953460633911052
325,532,2.8089183135501425
326,151,4.255092230092857
326,205,0.7466318042870964
326,504,1.760105643447192
326,534,4.506909713538271
326,544,3.9325845638603023
327,72,4.855098783421457
327,296,3.3729637011885987
327,469,0.04534435993238617
327,544,5.486268637369999
327,545,4.351776907464071
328,118,4.259009754427945
328,291,5.462481606773839
328,298,2.8464327140213324
328,393,3.9856578221387644
328,518,1.9448911808986693
328,555,5.332311414270905
328,585,2.7994302875344226
329,74,4.347143249656108
329,118,1.5936294004597922
329,210,4.303134201968991
329,486,4.499488906823478
329,518,4.148006685698657
329,585,3.736091770894669
330,49,2.8437875630330245
330,90,0.5481426760549802
330,254,2.4343054279805743
330,324,1.0945175993231635
330,333,2.2907101868537567
330,362,1.5084999293222368
330,413,1.7712868768886418
330,530,2.918054706910772
331,27,1.237426778478931
331,68,1.7154183559086895
331,114,0.8753710069581061
331,247,3.0240345018015495
331,282,1.868978307360359
331,283,2.320460271785027
331,412,1.9195696377423652
331,556,1.8559977776312813
332,22,2.9857752091741103
332,116,2.97786036935802
332,244,2.706132781390148
332,271,1.7186776814721545
332,378,3.313810875016399
332,533,1.987500921570575
332,542,0.7692808780460463
333,90,2.0439741923972563
333,276,0.771911666974413
333,317,1.597921359587676
333,324,1.3061608800758702
333,330,2.2907101868537567
333,362,1.952920498795434
334,56,3.7292223205074024
334,197,2.904313619932993
334,206,1.6159950995180534
334,422,1.1925557077331788
334,550,2.2668856774497734
335,311,2.046629711447517
335,349,0.9341270942561363
335,364,2.2804553363414373
335,418,2.6814220771584094
335,429,3.233043950234433
335,448,1.4309150914164923
335,493,2.4259351465908474
335,539,2.5686809417647374
336,81,4.238399593945668
336,101,1.3148778771174192
336,315,3.147994180389432
336,438,5.03447409906879
336,478,3.808247475965201
337,14,3.350304336778498
337,51,4.201560752064808
337,288,2.082491090456171
337,420,3.921295749551349
337,553,4.379608205396958
338,96,1.1075965390490004
338,128,1.109474555258179
338,129,1.4217104662153488
338,203,1.51009959170735
338,213,0.9543362971200042
339,99,1.345822667999986
339,163,0.5137108272582548
339,185,3.303275014932727
339,407,4.013518143855309
339,444,3.582296393834726
339,582,4.360627739487857
339,586,2.880523399875237
340,94,2.719217848064069
340,281,1.498522769366764
340,405,3.1718173730586847
340,408,1.803542150377386
340,457,3.8028617857896423
340,527,2.1469549373044785
340,566,3.067052256912036
341,43,1.844160094171575
341,60,3.842631870406237
341,166,1.832726891283417
341,380,1.0079477170671172
341,477,1.8609394834402226
341,501,3.537041255037933
341,571,1.731294717241324
342,84,2.6340669585560765
342,257,2.029738998050304
342,363,2.1229259700325724
342,446,1.653978104468729
342,601,1.6980009739147386
343,38,1.289936546629265
343,120,1.718917083474821
343,173,2.765807882856617
343,220,3.174795848388048
343,371,0.39811310930436256
343,599,3.116824255317847
344,65,2.2657449781834655
344,257,3.2199285462615457
344,385,4.276563637233813
344,442,3.233861605050167
344,597,4.762911397278167
345,77,0.8172397832169714
345,130,2.9051033130670723
345,191,2.8676246654901614
345,218,2.7199026821173042
345,368,1.8027239627903535
345,495,2.2780337536683386
346,95,2.6167563333374333
346,138,1.041850002867638
346,250,4.697663982937074
346,265,2.035720275682692
346,449,1.4145926953486023
346,568,2.5472353248870903
347,8,1.8747377188141028
347,9,2.6518407991068713
347,35,4.7641938792405005
347,168,3.06648461599405
347,234,3.88068744054173
347,251,1.6771270700911
348,5,3.1704965131632523
348,59,3.837404533769038
348,82,2.9138529723085513
348,160,1.0058065160388154
348,376,2.1695009326876273
348,559,3.416129993782834
349,335,0.9341270942561363
349,364,2.028519929395866
349,429,2.6889136692406272
349,448,1.8515122451340236
349,493,1.875977635575308
349,539,1.758518265540124
350,4,3.0630282526747354
350,66,1.667480177266477
350,119,2.4999474541642215
350,161,3.029664043212443
350,206,3.7933946307468083
350,430,2.281856363975289
350,510,2.1083823735193437
351,25,2.564414324415654
351,207,0.36151177532308765
351,309,0.8323965959892483
351,401,5.005098555471177
351,475,2.3560801443460746
351,579,2.9116762947461243
352,121,2.1058012333265506
352,221,2.6773944057206167
352,234,3.093716246895799
352,367,3.058328272634892
352,458,2.4419667550191235
353,42,1.0586679055613721
353,94,1.9421310206685525
353,125,3.0315613986007692
353,126,1.1452532715252894
353,167,0.47016221037609723
353,312,1.6475611993016157
353,313,3.1286525108560923
354,29,2.4626939799773715
354,134,2.9193350144517907
354,230,3.147676112825427
354,246,2.7890428246254073
354,396,1.346354392989629
354,588,2.8607974003462635
355,105,1.676688363265253
355,182,2.1913221773636122
355,384,1.0627472716072293
355,583,3.6553325467285704
355,590,2.9980591286235594
356,122,2.688914826936442
356,183,1.4129872776789856
356,274,1.0870698422148175
356,461,2.3757545699086435
356,517,1.7529224705746285
357,17,1.1462723750982493
357,183,1.8437721569145908
357,192,1.32121969034741
357,230,1.8586858169538945
357,359,1.8544018196740721
357,434,1.7122371856381962
357,461,1.5444938991969288
358,26,2.035913401204721
358,32,2.5628769131148137
358,65,3.5287902681281245
358,115,1.757957182720418
358,435,0.7474107922452817
358,447,1.0392340261872033
359,17,0.7800106675512277
359,183,2.36662599027793
359,192,0.7867501404599786
359,275,2.747775298330303
359,357,1.8544018196740721
359,434,2.58279392689202
359,461,1.0270356665706475
360,243,2.57014205512433
360,424,2.1083378321339117
360,488,3.0835754110934728
360,489,3.1309958315727147
360,581,3.372796102721148
361,188,3.6507003469390806
361,215,0.2364865561952545
361,223,1.5746983542218196
361,243,2.0233474030198315
361,287,0.9866312728267541
361,318,3.619627391724561
361,467,2.9164725185784155
362,58,3.2743389251587236
362,73,2.351542923323482
362,90,0.9604049802932998
362,276,2.6809383436533745
362,317,3.4755611292960182
362,324,0.9424760673757888
362,330,1.5084999293222368
362,333,1.952920498795434
363,16,2.271217869689271
363,84,1.1925248262751542
363,257,2.8363812213692023
363,342,2.1229259700325724
363,446,1.0047367187829452
363,588,0.7796373640066037
363,601,2.3249947861743765
364,3,1.2935658591059582
364,244,1.999472689521186
364,311,1.571892902489252
364,335,2.2804553363414373
364,349,2.028519929395866
364,448,1.4585878149133116
364,493,0.7597928084032033
364,556,1.970673508414444
365,231,2.2302290853462314
365,468,3.133725705835416
365,492,1.7529160887391124
365,509,1.146141672438656
365,535,2.319941897818138
365,560,1.414386376349125
366,32,2.0503293156188134
366,85,2.9715855154515465
366,115,2.761264054387085
366,170,1.4529247833533236
366,432,1.5484251660283153
367,220,4.119033056004061
367,221,3.230001071489628
367,226,4.046225612478145
367,352,3.058328272634892
367,458,2.6472612452848163
367,471,3.7344300345076378
368,77,2.2850270988171912
368,190,2.3252952429270914
368,198,2.1856767347820836
368,345,1.8027239627903535
368,495,2.1494966343216886
369,193,2.604219303864431
369,295,1.4599420213222047
369,417,2.9159812239151712
369,517,3.321879135189444
369,548,2.727486203034809
370,9,4.862277321348537
370,33,0.6721114337967785
370,121,1.5084177970545183
370,234,1.855245039778967
370,250,4.700044805923318
370,265,2.8988663017312204
370,568,3.407346096378854
371,38,1.6880166350117958
371,120,2.035316717232124
371,173,2.9241151041102156
371,220,3.115617699179498
371,343,0.39811310930436256
371,599,3.0405270081299713
372,260,3.423089617565432
372,293,2.132525288311814
372,439,2.434020532184243
372,440,2.3400539872583175
372,479,3.748701615909929
373,28,2.3032558716713862
373,93,1.9020586815770826
373,217,2.669977361528865
373,292,1.8797082592358496
373,563,3.4665726364342806
374,71,3.5273699310084297
374,102,1.7080958931882424
374,156,3.1832175454677945
374,236,2.9207227543352667
374,487,4.255193472727969
374,496,4.704766097395903
374,497,5.32065145062518
375,24,1.929957296774357
375,102,5.340058667246509
375,149,4.7914407506601
375,236,2.9476939054851177
375,237,4.2964991604408125
376,82,3.86920418296923
376,160,1.5150709026990958
376,348,2.1695009326876273
376,520,3.033727247881145
376,547,3.5822734808289143
377,41,2.7761902279619477
377,67,1.0011105222997045
377,204,2.1172410442725074
377,465,2.2624900308755187
377,490,2.5908953317543193
377,505,2.0681213364607887
378,244,3.490712849126961
378,271,1.9591584505301483
378,283,3.2405186549567406
378,332,3.313810875016399
378,542,2.916377199407797
379,6,3.2790758492141006
379,262,3.9326318904248154
379,310,2.4280818817411216
379,388,2.386430919646945
379,516,3.2814830804363964
379,543,1.803625819660285
380,43,2.2803368371624324
380,166,1.758922240463706
380,267,2.4021929201826526
380,341,1.0079477170671172
380,381,2.555862014401789
380,477,2.2294343144711557
380,571,0.7361863308814515
381,43,2.262698807996358
381,93,4.055631682289757
381,217,2.907952735867541
381,267,0.29841172829827656
381,380,2.555862014401789
381,477,2.1119790226314166
381,571,2.256850406719962
382,120,2.7131914284835252
382,173,1.4604775315621323
382,484,2.4432063357056886
382,485,1.67560731920757
382,526,2.2886613636046467
382,599,0.5066055697404588
383,132,2.515641525238536
383,134,0.86522604314429
383,135,1.5597692299886192
383,146,1.9027846469869119
383,256,1.8273213707723437
383,396,2.339377085064813
384,105,1.8128502796249997
384,124,3.1460115034804215
384,182,1.767321664840869
384,355,1.0627472716072293
384,590,3.134269036567711
385,95,3.146562754122444
385,226,2.6585437203536344
385,227,0.7557407442906793
385,344,4.276563637233813
385,471,2.98026528887517
385,597,1.2682197894424774
386,139,3.2254743601902978
386,174,2.6567533072504177
386,277,0.9320435784673741
386,456,3.476368054310274
386,536,2.4365408485942193
386,540,1.280545291839173
387,40,0.5136210717529845
387,91,1.4021632215367479
387,224,2.1374933510925755
387,508,3.4906757610120875
387,546,3.380698728633327
387,561,3.804333117074669
388,6,3.7696248222071924
388,262,2.2998523661963204
388,310,3.5369995114162243
388,379,2.386430919646945
388,389,3.455817789996267
388,543,4.173587128741027
389,6,2.4141240937711617
389,109,3.215582176691537
389,262,1.395563291562518
389,273,2.8731732573953166
389,388,3.455817789996267
390,0,2.487567841873456
390,53,3.114672978818936
390,184,1.3661656529972017
390,233,2.8414254974270494
390,240,2.849726270071824
390,433,2.0518112068504153
391,259,2.4488026606077207
391,421,1.0666338883247937
391,451,0.6610319266425352
391,454,2.34080475270378
391,499,3.22307058800653
391,570,3.176663925767937
391,573,2.7122255616776454
391,591,1.5374018894083723
392,74,4.2073493571993135
392,98,4.81186681974826
392,201,1.6090905711244676
392,445,4.260973303361989
392,586,5.041241692413923
393,164,2.747884587660219
393,203,3.3207638487555178
393,211,2.85563562744081
393,291,5.529976848243904
393,306,2.7408347746716744
393,328,3.9856578221387644
393,577,3.125495466137354
394,185,1.5850541452859688
394,272,2.8912354025139035
394,322,1.5148953927712838
394,444,1.8164548893647527
394,460,4.324959633266876
394,582,3.87708185941296
394,595,1.965677703156015
395,164,4.2534765416255125
395,165,3.265156830277874
395,176,6.213737589456329
395,304,3.7286105735411756
395,306,3.9372953391306145
395,577,3.192246757894948
396,134,1.676866216355858
396,146,2.153236596618248
396,246,2.6550635237561995
396,354,1.346354392989629
396,383,2.339377085064813
396,588,2.6483639361554343
397,108,0.7277422823765544
397,162,1.6909227494231007
397,172,2.0004477148752007
397,428,2.056691802564196
397,470,1.1146013898582463
398,180,2.5124077653391037
398,279,2.041464451053739
398,316,1.7173844784966055
398,399,2.1880376947938203
398,402,1.5907067803358246
399,231,2.659401690177075
399,279,0.5194363034394658
399,316,2.4675932687557296
399,398,2.1880376947938203
399,402,0.689320700746089
399,569,3.93599417229315
400,149,2.064288175741647
400,299,2.253602894509343
400,487,1.5777934594198255
400,554,1.0687473185374885
400,584,2.753840433754934
401,25,2.453075054829244
401,71,3.0089247909321193
401,309,4.172701959481929
401,351,5.005098555471177
401,475,4.5241007238570505
401,497,6.862578548504642
402,231,3.348642611702832
402,279,0.8776731775606035
402,316,2.2980297677494055
402,398,1.5907067803358246
402,399,0.689320700746089
403,36,3.6485402086518466
403,37,1.4634432190325612
403,174,1.5487578315256716
403,235,1.9152396603776032
403,264,1.6451722758527487
403,600,2.4962248481439095
404,64,0.8787636197315586
404,136,0.9860000252177173
404,137,3.2477367526285605
404,187,3.4292778412986213
404,583,2.2527207895543566
405,88,3.788691602854755
405,94,2.387317512049985
405,167,3.615062176488712
405,281,1.811060867151345
405,340,3.1718173730586847
405,408,2.09422271439362
406,44,4.479325500182922
406,107,3.6035402330048383
406,165,1.2134714414749728
406,269,3.9712373911498418
406,304,3.0319348540701925
406,507,3.676010496824551
407,163,3.9387676718754525
407,190,4.5514297148574805
407,199,4.658598902008819
407,339,4.013518143855309
407,582,3.2614838778229562
408,94,0.9705220131694239
408,167,2.5485540152910278
408,281,1.5981933765297842
408,340,1.803542150377386
408,405,2.09422271439362
408,566,3.561464690341087
409,64,4.130168701838318
409,123,2.3803439880283497
409,137,1.716668125311945
409,187,1.9741813233352523
409,455,2.397329278142177
409,476,3.12733957182891
410,70,3.795065020110749
410,148,3.6171208378840833
410,207,3.28979393645793
410,308,2.340739856722155
410,475,2.905098340365591
410,524,2.883459846635486
410,579,2.1118188015746706
411,70,2.38724688958376
411,248,3.58129278394783
411,253,2.1260122082606023
411,323,3.2790953931741162
411,522,2.8840763480696747
412,48,4.426666156879507
412,114,1.1075493014436768
412,247,1.5232708826758183
412,282,2.4404823278401633
412,321,2.252256075563272
412,331,1.9195696377423652
413,49,2.3174237576703822
413,90,2.3133887598102336
413,254,0.7533067689142015
413,263,2.9198696751486093
413,330,1.7712868768886418
413,530,1.1631558568174583
414,285,2.023227314421115
414,438,3.5463776571571364
414,439,2.3817606292128355
414,498,1.7020221238639563
414,565,0.17619938384299808
414,572,1.561979526457509
415,44,1.398109596660144
415,107,2.059415003022806
415,214,4.142936433585957
415,290,3.038661028507202
415,472,2.213619138047379
416,80,1.9454641840968474
416,124,1.251556732896975
416,232,1.6896326800807098
416,240,2.3169852105507904
416,258,1.6157160227199636
416,590,2.8872812703747086
417,122,0.9869627554197292
417,131,3.0889069188735276
417,186,1.3369196143279807
417,193,1.5191741727864196
417,294,2.5524660429618993
417,295,3.750581232142399
417,369,2.9159812239151712
417,452,2.0857232015409486
417,517,1.7143294707932475
417,548,0.20120893581093446
418,22,3.1801764291869183
418,335,2.6814220771584094
418,428,3.4952458840941474
418,448,3.406887729622868
418,538,2.588318137905766
419,0,4.19231166257115
419,241,1.2926741983253824
419,460,3.1683018490414487
419,582,4.213739588883658
419,598,3.180202023752659
420,31,2.892535181400858
420,51,0.6403537768555959
420,337,3.921295749551349
420,454,3.4458744123093674
420,553,0.7083195130725775
420,573,2.822215060304846
421,30,2.8505820804216504
421,31,2.584425336146946
421,133,1.9864046386169512
421,268,1.8825973525255313
421,391,1.0666338883247937
421,451,1.4925995707573954
421,454,1.4713157723518486
421,591,0.6359356472119433
422,197,1.7121662551414907
422,206,2.4535093653797984
422,334,1.1925557077331788
422,431,3.9625938721955642
422,550,1.2571758634554138
423,5,4.771895443513536
423,57,3.292663181384764
423,83,3.7968199779822247
423,110,4.523526728610536
423,208,4.758694525757607
423,302,3.0191661586038636
424,12,3.5131976738729533
424,360,2.1083378321339117
424,473,3.0664438155699587
424,489,1.6912851299665799
424,529,2.2711718652369344
424,581,1.2709480044886345
425,92,1.6912716690156115
425,260,2.3352377595219833
425,315,4.209443364623674
425,478,2.4660138928973265
425,479,2.3997710589021146
425,483,0.5629245444426978
426,50,4.480997230726741
426,106,4.175447271415281
426,178,2.4508991400150104
426,179,1.3728643259933042
426,261,0.5467707825443263
426,284,0.8793476661804507
427,189,3.047044379317176
427,242,3.459427251251961
427,286,1.4886712948900584
427,473,2.8017980314843514
427,529,2.8553591225095607
427,576,3.743809895898445
428,108,1.5802301931493141
428,162,1.860678529581251
428,172,1.4553728211302353
428,310,2.1299472964078023
428,397,2.056691802564196
428,418,3.4952458840941474
428,470,1.1060075697533847
429,140,3.250917495248763
429,335,3.233043950234433
429,349,2.6889136692406272
429,532,2.984397339869672
429,539,1.3336593257598377
430,7,2.826940119763282
430,66,3.438389126592943
430,119,2.011731985403137
430,141,2.412628769880863
430,350,2.281856363975289
430,510,0.6246679305818674
431,69,2.0556546598041234
431,75,3.3217996842078366
431,197,2.263402633764864
431,323,2.6596863498188315
431,422,3.9625938721955642
431,522,3.40531110194861
431,550,3.3358520300413677
432,32,1.6053542162788914
432,85,3.2428325756664984
432,115,1.884380750353521
432,170,0.21758343061420662
432,366,1.5484251660283153
432,435,2.2185515061434646
433,0,0.43575803967512133
433,104,2.408636786764631
433,184,3.417885459719726
433,390,2.0518112068504153
433,453,2.344250470136179
434,17,1.8848319001033933
434,192,2.5530981137302806
434,230,1.2734081825235106
434,357,1.7122371856381962
434,359,2.58279392689202
435,26,1.8052281248161095
435,32,2.009385039405596
435,65,3.6260748326434196
435,115,1.2845567495345174
435,170,2.421279923517283
435,358,0.7474107922452817
435,432,2.2185515061434646
435,447,1.7796766170272666
436,10,2.984179475984233
436,127,3.290993619263401
436,142,2.270966075756305
436,143,3.847267854744116
436,440,4.017769579171408
436,441,1.7773867160523356
436,482,1.4245286625977505
437,39,3.5591196272844248
437,88,1.3337688724664671
437,89,0.7665702445816616
437,462,1.9524161402075706
437,562,0.8347073002244906
438,101,3.7381438330489254
438,288,3.5206250572358617
438,336,5.03447409906879
438,414,3.5463776571571364
438,498,2.465654898699974
438,565,3.630460807187126
439,293,4.024830499450766
439,372,2.434020532184243
439,414,2.3817606292128355
439,498,2.2134272715176286
439,565,2.2122698765301774
439,572,3.2221904977511504
440,293,1.083193022016311
440,372,2.3400539872583175
440,436,4.017769579171408
440,441,3.644403651143938
440,482,3.6625741343506544
441,127,3.8356059990969484
441,142,3.7011187593787547
441,436,1.7773867160523356
441,440,3.644403651143938
441,482,2.911708659517389
442,36,3.0756443208660555
442,65,1.2129045675422228
442,147,4.282369555843168
442,264,3.8712919878087457
442,344,3.233861605050167
442,447,3.988973240870784
443,36,4.006795079948931
443,147,2.891324456669337
443,180,4.106721879322779
443,278,3.610116882646663
443,447,3.724869826156846
444,2,1.6330395648761744
444,99,3.9237117957722885
444,185,0.9814502695562382
444,238,1.5539384339275972
444,272,1.7031382676469264
444,322,3.2577904008446086
444,339,3.582296393834726
444,394,1.8164548893647527
444,595,1.020492296548976
445,19,1.7513756472531028
445,98,0.7803355124678791
445,202,3.217961999259151
445,307,3.1917120684312867
445,392,4.260973303361989
445,506,2.233852875773094
446,16,1.7667366038668229
446,84,0.9808996962657847
446,257,3.0885947482754323
446,342,1.653978104468729
446,363,1.0047367187829452
446,588,1.1211553171531439
446,601,1.3262543177501989
447,26,2.556973262557187
447,32,3.3636240873843235
447,36,3.3924719030124026
447,65,3.8276019281982956
447,115,2.5461439818930387
447,147,3.479589765758131
447,358,1.0392340261872033
447,435,1.7796766170272666
447,442,3.988973240870784
447,443,3.724869826156846
448,244,1.6170681816659511
448,311,0.6263766380355872
448,335,1.4309150914164923
448,349,1.8515122451340236
448,364,1.4585878149133116
448,418,3.406887729622868
449,95,1.2548740084173815
449,138,0.6538526840995907
449,235,2.322610045027958
449,264,2.7971067072853457
449,346,1.4145926953486023
449,568,3.095501074699515
449,597,2.9248825300777024
450,6,3.4434623294817137
450,109,1.8094547109021242
450,153,0.7720775462944999
450,273,2.7396331110493986
450,516,3.47658007394176
451,259,2.0260787314425293
451,391,0.6610319266425352
451,421,1.4925995707573954
451,570,3.4863518691114552
451,573,2.053892513529064
451,591,2.0694305456736437
452,131,1.0033354658038907
452,193,0.9423246219730386
452,295,3.489953865030185
452,417,2.0857232015409486
452,548,2.017640967445756
452,598,2.855217823131109
453,0,2.1194777090619255
453,52,1.63849873235556
453,104,0.0959536921267635
453,212,2.7858189185065294
453,300,2.6319772906904864
453,433,2.344250470136179
454,31,1.1214192739697681
454,133,2.298415736565942
454,268,2.608824400374483
454,391,2.34080475270378
454,420,3.4458744123093674
454,421,1.4713157723518486
454,514,2.111738680544903
454,553,3.101816357059693
454,591,1.690003664693389
455,55,2.913128594608055
455,123,3.0885521177890047
455,137,3.3586338529703643
455,266,2.9763358895586913
455,409,2.397329278142177
456,139,3.2099785270300427
456,250,2.513385033206408
456,277,3.1391572977880076
456,386,3.476368054310274
456,536,1.2569516103984597
457,35,5.505406013351694
457,168,2.425602520139771
457,221,3.86059122413573
457,281,3.5580530567722315
457,340,3.8028617857896423
457,527,2.2048749448364817
458,168,3.965126606051385
458,221,0.582892678295905
458,352,2.4419667550191235
458,367,2.6472612452848163
458,527,3.285946665110303
459,34,5.010233502053859
459,35,4.310530415102209
459,194,4.862352460043983
459,462,5.752706851315846
459,463,4.212261100451894
460,241,2.156200463351586
460,322,3.3316501739607056
460,394,4.324959633266876
460,419,3.1683018490414487
460,582,4.645576556763044
461,17,1.1236300227130605
461,183,1.3507838066015483
461,192,0.37949136214501333
461,275,3.1364806672533883
461,356,2.3757545699086435
461,357,1.5444938991969288
461,359,1.0270356665706475
462,34,4.252587877828462
462,88,2.809358349881453
462,89,1.3266225822567652
462,194,2.770067556252491
462,437,1.9524161402075706
462,459,5.752706851315846
462,463,3.081376535728873
462,513,3.6373528828865354
462,562,1.1909303518732448
463,34,1.404308123557607
463,194,0.6851389349805576
463,459,4.212261100451894
463,462,3.081376535728873
463,562,4.259434310490372
464,91,2.9741608732511424
464,144,2.8193289624857014
464,209,4.295661914346441
464,229,3.2569099576794303
464,546,3.522338027375126
464,557,2.6386662749111247
465,21,3.0556856289555854
465,41,0.513700197086429
465,67,3.2636005531752232
465,204,0.8107187483108902
465,320,2.7405992444097147
465,377,2.2624900308755187
466,12,1.6172031631734427
466,50,3.53642667522666
466,106,1.6784991624668972
466,178,2.5648603436983093
466,489,2.4336960877692895
467,188,1.628841521109873
467,215,3.15295907477367
467,287,3.9031037914051696
467,318,2.240531995338679
467,319,4.03317174992339
467,361,2.9164725185784155
468,86,2.572964777005008
468,145,4.035539048445138
468,151,2.5785938596461833
468,297,2.507081084044932
468,365,3.133725705835416
468,504,3.709668463437906
468,535,2.525786428834615
469,72,4.892612937924279
469,296,3.409696693781428
469,327,0.04534435993238617
469,544,5.526917872216675
469,545,4.350169967196523
470,108,0.4864152109987236
470,162,1.8676008258599615
470,172,1.0258575160520125
470,310,2.9395465517926933
470,397,1.1146013898582463
470,428,1.1060075697533847
471,226,0.47021259447757124
471,227,2.774547634065947
471,367,3.7344300345076378
471,385,2.98026528887517
471,597,3.9153142951028173
472,44,3.6114215586645693
472,107,3.9999888852480674
472,214,2.4577623549345065
472,222,3.7483708599940706
472,290,3.2855694617314732
472,415,2.213619138047379
472,576,4.062792933030222
473,286,2.679070639219839
473,424,3.0664438155699587
473,427,2.8017980314843514
473,529,1.292552109256758
473,576,1.672652169082228
473,581,3.030521259069312
474,56,2.6184928853956624
474,208,2.5963863287373523
474,303,2.4845076058915714
474,531,2.5916042553506777
474,551,1.2987524460100657
474,578,0.35983821021734025
475,25,2.4894725873432764
475,207,2.5325513130285824
475,309,2.135066472948555
475,351,2.3560801443460746
475,401,4.5241007238570505
475,410,2.905098340365591
476,11,1.390251124390327
476,123,0.7535354368121707
476,137,1.847710098221313
476,289,0.7107355637048457
476,409,3.12733957182891
476,596,2.7395031716209655
477,43,0.15071978536494157
477,267,1.81356729433314
477,341,1.8609394834402226
477,380,2.2294343144711557
477,381,2.1119790226314166
478,15,4.176626591624266
478,92,2.260227648708836
478,101,4.093260518365828
478,260,3.5871150033018724
478,315,2.8964679693070416
478,336,3.808247475965201
478,425,2.4660138928973265
478,483,2.314478511809697
479,92,1.826199053385017
479,260,0.6369326963282159
479,372,3.748701615909929
479,425,2.3997710589021146
479,483,2.9626956033448124
480,78,1.1869068125911362
480,79,3.2029895175048013
480,242,2.2908249168234365
480,314,1.8814095111961493
480,528,3.253787030680941
480,580,2.0801129188419885
481,44,4.960616010810455
481,112,3.3503512802240283
481,176,5.356536663491037
481,177,2.5548510620282188
481,519,5.672475699994594
481,592,3.008385384519359
481,593,2.6069554547160183
482,10,2.4816443669793946
482,62,3.3717784699343687
482,142,2.8373779761104614
482,293,3.607057541081263
482,436,1.4245286625977505
482,440,3.6625741343506544
482,441,2.911708659517389
483,15,3.857461809708809
483,92,2.10162895151164
483,260,2.8818672386361333
483,315,3.711216716335171
483,425,0.5629245444426978
483,478,2.314478511809697
483,479,2.9626956033448124
484,105,3.266703388133939
484,187,2.711112729247651
484,256,2.6633721424143744
484,382,2.4432063357056886
484,485,1.0588044919078112
484,526,1.3333269437763633
484,599,2.3978831594690027
485,187,2.0173611831389424
485,382,1.67560731920757
485,484,1.0588044919078112
485,526,0.732654310023756
485,599,1.8302189206485375
486,46,3.750804308002559
486,118,4.098301714376312
486,154,2.3258082725884375
486,210,0.3225567580252205
486,329,4.499488906823478
487,102,2.5508093269572383
487,149,2.3662993573409064
487,236,3.4200182711516964
487,299,1.715591089684053
487,374,4.255193472727969
487,400,1.5777934594198255
487,554,0.9112143344020529
488,222,3.414029341197995
488,243,3.631607210762869
488,360,3.0835754110934728
488,502,2.6429682537549457
488,503,2.5589142479972216
489,12,1.9764740134909453
489,106,3.90151091182881
489,360,3.1309958315727147
489,424,1.6912851299665799
489,466,2.4336960877692895
489,581,1.571168975523336
490,67,2.149202506212883
490,144,1.9528096545577631
490,228,2.0476000610050917
490,377,2.5908953317543193
490,505,1.9422512904340579
490,557,2.3158546539324494
491,58,2.750336928060379
491,150,0.7731027726817048
491,180,1.260635521032074
491,278,2.6500509526446696
491,316,1.402660944371316
491,492,2.275546406193574
491,560,2.59897483283865
492,316,2.1356365442796936
492,365,1.7529160887391124
492,491,2.275546406193574
492,509,1.117663223686523
492,535,2.531442283813322
492,560,0.35338640296538115
493,3,1.8449427550890463
493,68,2.009530786344083
493,225,2.6770410870647714
493,335,2.4259351465908474
493,349,1.875977635575308
493,364,0.7597928084032033
493,539,2.81571696267524
493,556,1.9404883910214048
494,122,2.714776636993932
494,124,2.771915243870768
494,186,2.0041781618400094
494,240,2.817873734374096
494,258,1.7785294593487218
494,294,0.6650084591235863
494,549,2.710363518686006
495,77,1.9149560543101996
495,190,2.5972410487804383
495,191,0.8904649203783576
495,198,2.042475079830307
495,269,1.506866527540903
495,345,2.2780337536683386
495,368,2.1494966343216886
495,507,1.6224408584326655
496,71,6.260216350280021
496,102,6.377361584764748
496,156,1.7362637780091776
496,374,4.704766097395903
496,497,0.6412012650813108
497,71,6.876812764888318
497,156,2.263022204367775
497,374,5.32065145062518
497,401,6.862578548504642
497,496,0.6412012650813108
498,414,1.7020221238639563
498,438,2.465654898699974
498,439,2.2134272715176286
498,565,1.6753644941830756
498,572,3.253610128062644
499,30,3.225540141689663
499,158,3.6293851716790275
499,259,3.238679405994267
499,391,3.22307058800653
499,570,0.061070307313908286
499,574,3.5138179884495386
500,13,0.5451192915003489
500,62,2.356141026608865
500,285,2.065579749482187
500,564,1.0953216009371298
500,572,2.3121710213668423
500,574,1.7201823191609793
501,43,3.697558022207369
501,60,3.369448244599279
501,61,3.533111067556961
501,341,3.537041255037933
501,512,2.677246540120873
502,214,3.6581682993259843
502,222,2.490121416398778
502,488,2.6429682537549457
502,503,4.391117814746985
502,576,5.2608472983061505
503,215,2.857507782056212
503,223,1.5192959840296467
503,243,2.3764927072915736
503,287,2.107363065424712
503,488,2.5589142479972216
503,502,4.391117814746985
504,145,3.0788226604141204
504,151,3.6555499746812137
504,205,1.8920587927770385
504,326,1.760105643447192
504,468,3.709668463437906
505,67,1.076550881315508
505,144,3.886342545975479
505,228,3.7574393981458702
505,255,4.822767405306369
505,377,2.0681213364607887
505,490,1.9422512904340579
506,19,0.6994140391214497
506,98,1.6435010790876285
506,202,1.630207490707482
506,248,2.7682630990563113
506,445,2.233852875773094
507,100,3.0831762547567934
507,165,3.9255478851650847
507,190,2.6185697200679816
507,191,1.379171022387317
507,198,2.0670908786159066
507,269,0.4556587389819712
507,406,3.676010496824551
507,495,1.6224408584326655
508,40,3.3407881464115503
508,73,3.0256964393708152
508,145,4.152198134004335
508,224,2.2174669258759065
508,387,3.4906757610120875
508,561,0.6737370577315875
509,316,3.0981230019022385
509,365,1.146141672438656
509,492,1.117663223686523
509,535,1.5604459911352704
509,560,0.8109737929700291
510,119,2.5054923166824743
510,141,3.0226284567165576
510,161,2.759269880281232
510,350,2.1083823735193437
510,430,0.6246679305818674
511,23,0.9027933583922235
511,69,3.3021303437322573
511,75,2.0760678974898266
511,98,3.4983108490855144
511,523,1.689829997580417
512,39,2.794499224434883
512,60,1.552187990886732
512,89,3.4623201145836813
512,501,2.677246540120873
512,513,3.5230583979170436
512,562,3.5924611684462686
513,54,1.8998969041920706
513,61,2.2349299531652966
513,169,4.0867762424731
513,195,4.710030229417234
513,280,2.2310223535706135
513,462,3.6373528828865354
513,512,3.5230583979170436
514,31,1.1452204322913928
514,51,2.989252349073168
514,219,3.499998472006133
514,454,2.111738680544903
514,552,2.2945110741507073
514,553,2.83796340466988
515,55,3.468774563897262
515,216,0.5297927889370918
515,292,3.4782477832811343
515,563,1.4753616604478759
515,567,2.7416432617333077
516,6,1.664525192940039
516,109,2.0938030357562125
516,140,3.436584693871142
516,153,2.757235253508797
516,379,3.2814830804363964
516,450,3.47658007394176
516,532,2.713997367613402
516,543,3.4322378252368893
517,122,0.9359925473839681
517,186,1.5069987310849193
517,274,1.9494317249798816
517,356,1.7529224705746285
517,369,3.321879135189444
517,417,1.7143294707932475
517,548,1.784987970164551
517,549,2.442579490719505
518,97,2.3976786415168454
518,118,3.0600078435367304
518,155,4.542056683009859
518,298,1.244646178706869
518,328,1.9448911808986693
518,329,4.148006685698657
518,555,4.864530688874956
518,585,0.9206294713138312
519,112,2.3458468537952095
519,176,2.224489146919614
519,291,3.1289791005141803
519,481,5.672475699994594
519,555,6.098693852119361
520,48,2.828797011817705
520,82,2.7558438154426113
520,160,3.969713082440692
520,209,2.9336411816889085
520,376,3.033727247881145
520,547,1.7531077236023733
521,111,0.7641330248381191
521,152,3.4059821233596557
521,225,2.743474451393014
521,270,1.9937806153445918
521,321,2.785011144167428
522,248,1.1281635342833338
522,253,2.332501509186762
522,323,0.7462868299272175
522,411,2.8840763480696747
522,431,3.40531110194861
523,23,2.057563528999558
523,69,2.1667459717218422
523,75,0.6520745811865182
523,273,2.4811718550399857
523,511,1.689829997580417
524,70,1.9212164506927687
524,148,2.0720061121256985
524,239,3.760638616010233
524,308,1.0197008818068622
524,410,2.883459846635486
525,24,3.977021979652866
525,154,4.0616175337484055
525,157,4.759227944381006
525,237,1.608024328064119
525,249,3.6670910287360763
525,584,3.4164190027718053
526,187,1.3957231705283013
526,382,2.2886613636046467
526,484,1.3333269437763633
526,485,0.732654310023756
526,583,2.9242964222527346
526,599,2.518349210953689
527,168,3.757448883916891
527,221,2.861667967679173
527,281,2.7982213034934924
527,340,2.1469549373044785
527,457,2.2048749448364817
527,458,3.285946665110303
528,78,2.0837666765841845
528,100,2.1306819988913137
528,290,4.116726284151221
528,314,2.5742505183182947
528,480,3.253787030680941
528,587,1.5493329209998232
529,286,2.046160935680729
529,424,2.2711718652369344
529,427,2.8553591225095607
529,473,1.292552109256758
529,576,2.9537113064720706
529,581,1.8413418716475662
530,49,2.854493437929293
530,247,3.221122631359868
530,254,0.8392530710710788
530,263,2.6093608648475293
530,330,2.918054706910772
530,413,1.1631558568174583
531,57,1.7088430435465973
531,208,1.285471086823842
531,303,0.12791557453567037
531,474,2.5916042553506777
531,551,2.1927541213033575
532,140,2.129740108366757
532,325,2.8089183135501425
532,429,2.984397339869672
532,516,2.713997367613402
532,543,2.2963232551597015
533,1,2.8214069995211366
533,22,1.2091745854817382
533,116,0.9974753488170661
533,332,1.987500921570575
533,538,1.5702226391388885
533,542,2.3465120784884332
534,20,4.463464082573146
534,72,0.8858257384498887
534,205,3.800872584728948
534,296,2.3657476345436677
534,326,4.506909713538271
534,544,0.8924583246711669
535,145,3.1447098521902794
535,365,2.319941897818138
535,468,2.525786428834615
535,492,2.531442283813322
535,509,1.5604459911352704
535,560,2.307789674556016
536,139,2.2076001552667988
536,250,3.7214857551460905
536,277,2.378578790590214
536,386,2.4365408485942193
536,456,1.2569516103984597
536,540,2.9088348466328937
537,87,1.9001249911337297
537,139,3.6282063208112945
537,175,2.9355963683699318
537,181,0.9413059234230019
537,541,1.0545086196464126
538,1,2.478014553342641
538,22,0.6031088621341973
538,116,1.575527131894036
538,418,2.588318137905766
538,533,1.5702226391388885
539,225,2.257139169782013
539,335,2.5686809417647374
539,349,1.758518265540124
539,429,1.3336593257598377
539,493,2.81571696267524
540,87,2.9381286959002852
540,139,2.7028196595403586
540,175,2.741071223636858
540,277,2.2091328625935445
540,386,1.280545291839173
540,536,2.9088348466328937
540,600,4.13159658517785
541,87,0.845616371487317
541,139,2.573697701164882
541,175,2.9745140756691684
541,181,1.9958145430694145
541,537,1.0545086196464126
542,244,3.1915593427374502
542,271,1.7643399077840296
542,332,0.7692808780460463
542,378,2.916377199407797
542,533,2.3465120784884332
543,310,2.6284958616667318
543,379,1.803625819660285
543,388,4.173587128741027
543,516,3.4322378252368893
543,532,2.2963232551597015
544,72,0.9519312317475949
544,205,3.2825969532214474
544,296,2.235277457502221
544,326,3.9325845638603023
544,327,5.486268637369999
544,469,5.526917872216675
544,534,0.8924583246711669
545,20,3.236431165960805
545,21,4.309470033289025
545,72,4.485470056320358
545,296,3.7399901043476373
545,327,4.351776907464071
545,469,4.350169967196523
546,40,3.2911167537006043
546,91,3.440743811349813
546,144,1.6692864414578874
546,228,1.6084929741163396
546,229,0.825315179490412
546,387,3.380698728633327
546,464,3.522338027375126
546,557,1.423854780141528
546,558,1.601559604384391
547,48,1.5590831079924066
547,82,4.507196759041466
547,209,4.3040521090527495
547,376,3.5822734808289143
547,520,1.7531077236023733
548,122,1.1351463524592686
548,131,3.016661971003785
548,186,1.5322008703639944
548,193,1.3793347341415525
548,295,3.5494110907004246
548,369,2.727486203034809
548,417,0.20120893581093446
548,452,2.017640967445756
548,517,1.784987970164551
549,29,2.6685856827854995
549,122,2.5262517966912355
549,186,2.2234317379928563
549,274,2.3077380642668452
549,494,2.710363518686006
549,517,2.442579490719505
550,197,1.2449640386153327
550,206,3.6975115828916456
550,334,2.2668856774497734
550,422,1.2571758634554138
550,431,3.3358520300413677
551,56,3.8161893627742316
551,208,2.829497375483988
551,303,2.0649497005060065
551,474,1.2987524460100657
551,531,2.1927541213033575
551,578,1.636943253964884
552,31,3.1582639484256334
552,51,3.2005245823007424
552,300,3.4389553880715646
552,514,2.2945110741507073
552,553,3.165272679718907
553,31,2.373604653268831
553,51,0.18481860547894044
553,337,4.379608205396958
553,420,0.7083195130725775
553,454,3.101816357059693
553,514,2.83796340466988
553,552,3.165272679718907
553,573,3.2520101154264873
554,102,3.3756675289567077
554,149,2.678417468966027
554,299,1.2574771242643552
554,400,1.0687473185374885
554,487,0.9112143344020529
555,155,1.8539949169281869
555,298,3.8644714881711058
555,328,5.332311414270905
555,518,4.864530688874956
555,519,6.098693852119361
555,585,5.298543481663795
556,3,1.4951409048866255
556,27,2.3419558225306116
556,68,0.3226368675439778
556,282,1.5240164758261454
556,283,2.4305132415348294
556,321,2.4046325996585143
556,331,1.8559977776312813
556,364,1.970673508414444
556,493,1.9404883910214048
557,144,0.3663154311974345
557,228,1.7113874300274312
557,229,0.7371556493367727
557,464,2.6386662749111247
557,490,2.3158546539324494
557,546,1.423854780141528
557,558,2.8679525371329344
558,228,1.9406721466289616
558,229,2.1363866739122446
558,320,2.106184957731205
558,546,1.601559604384391
558,557,2.8679525371329344
559,5,2.606775974049846
559,59,0.765320195411519
559,82,3.106152888594547
559,255,3.4495228211624607
559,348,3.416129993782834
560,316,2.32056502026519
560,365,1.414386376349125
560,491,2.59897483283865
560,492,0.35338640296538115
560,509,0.8109737929700291
560,535,2.307789674556016
561,40,3.734549182927202
561,73,2.3605772041149655
561,224,2.1677872019129225
561,387,3.804333117074669
561,508,0.6737370577315875
562,88,2.010855170332729
562,89,0.1502301428115729
562,194,3.96045603582565
562,437,0.8347073002244906
562,462,1.1909303518732448
562,463,4.259434310490372
562,512,3.5924611684462686
563,28,3.9919937195993063
563,216,0.9677098780796516
563,292,2.1540515850033803
563,373,3.4665726364342806
563,515,1.4753616604478759
563,567,2.9725530910187943
564,13,1.4077554228923215
564,259,2.2896669179732685
564,285,1.3518913385233908
564,500,1.0953216009371298
564,572,1.875477156720052
564,574,2.6573113846109404
565,285,2.0868550844976945
565,414,0.17619938384299808
565,438,3.630460807187126
565,439,2.2122698765301774
565,498,1.6753644941830756
565,572,1.5794792233966186
566,38,3.2049249608079604
566,94,3.7975342906026732
566,220,3.436487368102702
566,340,3.067052256912036
566,408,3.561464690341087
567,55,1.6765661690383578
567,216,2.613406630355557
567,266,3.415492074225813
567,515,2.7416432617333077
567,563,2.9725530910187943
568,33,2.7352350938516037
568,138,3.2501997033508485
568,226,3.517974379650453
568,265,2.244047264663782
568,346,2.5472353248870903
568,370,3.407346096378854
568,449,3.095501074699515
569,86,3.317017455640231
569,181,3.8653877115888626
569,231,2.6381425819071818
569,279,4.280669218023924
569,297,4.680026385507586
569,399,3.93599417229315
570,30,3.1670255895449326
570,158,3.6862549452151576
570,259,3.2336423169252955
570,391,3.176663925767937
570,451,3.4863518691114552
570,499,0.061070307313908286
571,166,2.18716868860146
571,267,2.184156545604698
571,341,1.731294717241324
571,380,0.7361863308814515
571,381,2.256850406719962
572,13,2.0997026482547336
572,285,0.6847661094143893
572,414,1.561979526457509
572,439,3.2221904977511504
572,498,3.253610128062644
572,500,2.3121710213668423
572,564,1.875477156720052
572,565,1.5794792233966186
573,259,2.133756074658829
573,391,2.7122255616776454
573,420,2.822215060304846
573,451,2.053892513529064
573,553,3.2520101154264873
574,13,1.9397448650162386
574,62,1.5463715603566233
574,158,2.412486463628096
574,499,3.5138179884495386
574,500,1.7201823191609793
574,564,2.6573113846109404
575,30,2.8818293449712074
575,133,3.1080801173879826
575,136,4.029249477488826
575,268,2.9928152557798158
575,590,2.9952473285311694
576,214,4.2935561063186904
576,222,3.0261330867196863
576,427,3.743809895898445
576,472,4.062792933030222
576,473,1.672652169082228
576,502,5.2608472983061505
576,529,2.9537113064720706
577,128,1.5746905020026911
577,164,1.178004958535954
577,203,1.4726693004742706
577,213,2.189192499229279
577,306,0.866061547536977
577,393,3.125495466137354
577,395,3.192246757894948
578,56,2.4044576984223145
578,208,2.5028177882957876
578,239,3.9542138709413996
578,303,2.579431643681009
578,474,0.35983821021734025
578,551,1.636943253964884
579,148,3.2972082252456905
579,207,2.579556998438886
579,308,2.864298028800893
579,309,3.697420083981076
579,351,2.9116762947461243
579,410,2.1118188015746706
580,76,2.845791045304704
580,78,2.3746036379258877
580,79,3.0262554050991373
580,242,0.4521613609554566
580,480,2.0801129188419885
581,286,3.0977150640470534
581,360,3.372796102721148
581,424,1.2709480044886345
581,473,3.030521259069312
581,489,1.571168975523336
581,529,1.8413418716475662
582,185,3.4286821232335374
582,241,4.755475461961789
582,339,4.360627739487857
582,394,3.87708185941296
582,407,3.2614838778229562
582,419,4.213739588883658
582,460,4.645576556763044
583,64,3.017349071896986
583,136,2.664340309928503
583,187,2.963164705376458
583,355,3.6553325467285704
583,404,2.2527207895543566
583,526,2.9242964222527346
584,149,2.5677411307589866
584,237,3.398018345648099
584,252,2.30688559468176
584,400,2.753840433754934
584,525,3.4164190027718053
585,97,1.5951641935378835
585,118,2.4120618206906124
585,298,1.4349374021390502
585,328,2.7994302875344226
585,329,3.736091770894669
585,518,0.9206294713138312
585,555,5.298543481663795
586,74,3.048945290106432
586,99,1.5796666095654992
586,163,2.6987229413068645
586,200,3.038991034299434
586,201,3.6642108837241856
586,339,2.880523399875237
586,392,5.041241692413923
587,78,2.4707764711973157
587,100,1.358203932338466
587,159,2.2553612276816875
587,314,1.831053385569175
587,528,1.5493329209998232
588,16,1.6298203421535313
588,84,0.5815707265656029
588,257,3.609424976560886
588,354,2.8607974003462635
588,363,0.7796373640066037
588,396,2.6483639361554343
588,446,1.1211553171531439
588,601,2.3394380673309922
589,10,2.8304478103893285
589,63,2.7153848649728363
589,158,2.179214674834125
589,301,3.5516012173459846
589,596,2.284090771389934
590,80,2.364060990660816
590,124,2.9808064033953907
590,355,2.9980591286235594
590,384,3.134269036567711
590,416,2.8872812703747086
590,575,2.9952473285311694
591,30,2.3680666559076684
591,133,1.3905650910596936
591,268,1.2476511633149787
591,391,1.5374018894083723
591,421,0.6359356472119433
591,451,2.0694305456736437
591,454,1.690003664693389
592,112,5.18020409299237
592,177,0.9828984991285981
592,214,5.284096768881402
592,481,3.008385384519359
592,593,0.8793641298509114
593,112,4.349003252080594
593,177,0.10551421801902094
593,214,6.095157681933518
593,481,2.6069554547160183
593,592,0.8793641298509114
594,18,2.031549143337261
594,46,1.6211907677561221
594,103,1.7394301839454112
594,252,3.0969894552960873
594,307,1.87683543111726
595,2,1.0287027191720577
595,185,1.899672421625411
595,238,1.3782991091503172
595,272,0.9314790237039879
595,322,3.0913728729694627
595,394,1.965677703156015
595,444,1.020492296548976
596,11,1.5768984374837118
596,63,3.723975355362244
596,123,3.325092111983193
596,289,2.7730327044393848
596,476,2.7395031716209655
596,589,2.284090771389934
597,95,1.891528941557536
597,226,3.5115787416961535
597,227,1.1407874638961004
597,235,3.428746501983654
597,344,4.762911397278167
597,385,1.2682197894424774
597,449,2.9248825300777024
597,471,3.9153142951028173
598,131,1.9586973153288936
598,193,3.7488945806647864
598,241,2.962593660024903
598,419,3.180202023752659
598,452,2.855217823131109
599,173,1.7697624983156488
599,343,3.116824255317847
599,371,3.0405270081299713
599,382,0.5066055697404588
599,484,2.3978831594690027
599,485,1.8302189206485375
599,526,2.518349210953689
600,37,1.0656209924911815
600,147,4.21074027367289
600,174,2.598168088151895
600,175,3.2602196366278697
600,403,2.4962248481439095
600,540,4.13159658517785
601,16,2.045897788328541
601,84,1.949266646984752
601,342,1.6980009739147386
601,363,2.3249947861743765
601,446,1.3262543177501989
601,588,2.3394380673309922
